1,Student 1,79027,100 AM 100 TRAS STREET,1.274929,103.843549,home
2,Student 2,270025,25 GHIM MOH LINK 25 GHIM MOH LINK #01-K1,1.3081449,103.786252,home
3,Student 3,309425,25 GHIM MOH LINK 25 GHIM MOH LINK,1.3162027,103.8367068,home
4,Student 4,238895,313 @ SOMERSET 313 ORCHARD ROAD,1.301177,103.8388679,home
5,Student 5,670628,628 SENJA ROAD 628 SENJA ROAD #01-K1,1.385118,103.760105,home
6,Student 6,310234,628 SENJA ROAD 628 SENJA ROAD,1.338597,103.857812,home
7,Student 7,730888,888 PLAZA - STATION 1 888 WOODLANDS DRIVE 50,1.437703,103.79527,home
8,Student 8,730888,888 PLAZA - STATION 2 888 WOODLANDS DRIVE 50,1.437703,103.79527,home
9,Student 9,659553,ACACIA LODGE 540 BUKIT BATOK STREET 23,1.339981,103.75572,home
10,Student 10,283876,ADAM ROAD FOOD CENTRE 2 ADAM ROAD,1.324088,103.814086,home
11,Student 11,738344,ADMIRALTY MRT STATION 70 WOODLANDS AVENUE 7,1.440681,103.800957,home
12,Student 12,730678,ADMIRALTY PLACE - STATION 1 678 WOODLANDS AVENUE 6,1.4397712,103.8017495,home
13,Student 13,730678,ADMIRALTY PLACE - STATION 2 678 WOODLANDS AVENUE 6,1.4397712,103.8017495,home
14,Student 14,768923,AGILENT TECHNOLOGIES 1 YISHUN AVENUE 7,1.440348,103.840661,home
15,Student 15,159963,AIA ALEXANDRA 371 ALEXANDRA ROAD,1.284818,103.802355,home
16,Student 16,819829,AIRLINE HOUSE 25 AIRLINE ROAD,1.377201,103.997269,home
17,Student 17,819660,AIRPORT POLICE STATION - STATION 1 35 AIRPORT BOULEVARD,1.343325,103.981431,home
18,Student 18,819660,AIRPORT POLICE STATION - STATION 2 35 AIRPORT BOULEVARD,1.343325,103.981431,home
19,Student 19,159964,ALEXANDRA HOSPITAL 378 ALEXANDRA ROAD,1.287587,103.801364,home
20,Student 20,119967,ALEXANDRA POINT BLOCK A 438A ALEXANDRA ROAD,1.277325,103.800274,home
21,Student 21,119963,ALEXANDRA RETAIL CENTRE - STATION 1 460 ALEXANDRA ROAD LEVEL 1,1.273673,103.801381,home
22,Student 22,119963,ALEXANDRA RETAIL CENTRE - STATION 2 460 ALEXANDRA ROAD LEVEL 1,1.273673,103.801381,home
23,Student 23,388310,ALJUNIED MRT STATION 81 LORONG 25 GEYLANG,1.316169,103.882721,home
24,Student 24,69111,AMOY STREET FOOD CENTRE TELOK AYER STREET,1.28097,103.8477899,home
25,Student 25,159953,ANCHORPOINT 370 ALEXANDRA ROAD,1.288541,103.805249,home
26,Student 26,569976,ANG MO KIO COMMUNITY CLUB 795 ANG MO KIO AVENUE 1,1.366953,103.84042,home
27,Student 27,560723,ANG MO KIO POLYCLINICS 723 ANG MO KIO AVENUE 8,1.3724019,103.847305,home
28,Student 28,569842,ANG MO KIO TOWN COUNCIL 161 ANG MO KIO AVENUE 4,1.374684,103.845664,home
29,Student 29,619415,AVERY LODGE 2D JALAN PAPAN,1.320429,103.730124,home
30,Student 30,560161,AXS LOBBY@SULTAN LINK - STATION 1 61 MOHAMED SULTAN ROAD,1.374125,103.839812,home
31,Student 31,567226,AXS LOBBY@SULTAN LINK - STATION 2 61 MOHAMED SULTAN ROAD,1.366851,103.839876,home
32,Student 32,139961,AYER RAJAH AMENITY CENTRE 69 AYER RAJAH CRESCENT,1.296167,103.787009,home
33,Student 33,467352,BEDOK COMMUNITY CLUB 850 NEW UPPER CHANGI ROAD,1.324349,103.935899,home
34,Student 34,467360,BEDOK MALL 311 UPPER NEW CHANGI ROAD BASEMENT 1,1.3250556,103.9392918,home
35,Student 35,467347,BEDOK MRT STATION 315 NEW UPPER CHANGI ROAD,33.771558,112.889509,home
36,Student 36,467351,BEDOK POINT 799 NEW UPPER CHANGI ROAD,1.324516,103.932292,home
37,Student 37,469659,BEDOK PUBLIC LIBRARY 21 BEDOK NORTH STREET 1 #01-00,1.326906,103.930655,home
38,Student 38,237994,BEDOK PUBLIC LIBRARY 21 BEDOK NORTH STREET 1,1.2936891,103.8319512,home
39,Student 39,138671,BIOPOLIS @ ONE NORTH MATRIX BLOCK 30 BIOPOLIS STREET,1.303452,103.792414,home
40,Student 40,560342,BISHAN-TOA PAYOH TOWN COUNCIL 197 BISHAN STREET 13,1.3647,103.8483959,home
41,Student 41,560532,BISHAN-TOA PAYOH TOWN COUNCIL OFFICE 125A LORONG 2 TOA PAYOH,1.3737839,103.854658,home
42,Student 42,649846,BOON LAY MRT STATION 301 BOON LAY WAY,1.338717,103.706071,home
43,Student 43,640221,BOON LAY SHOPPING CENTRE - STATION 1 221 BOON LAY PLACE,1.346517,103.712422,home
44,Student 44,640221,BOON LAY SHOPPING CENTRE - STATION 2 221 BOON LAY PLACE,1.346517,103.712422,home
45,Student 45,659958,BUKIT BATOK MRT STATION 10 BUKIT BATOK CENTRAL,1.349046,103.749569,home
46,Student 46,659164,BUKIT BATOK POLYCLINICS 50 BUKIT BATOK WEST,1.351972,103.747924,home
47,Student 47,659083,BUKIT GOMBAK MRT STATION 802 BUKIT BATOK WEST AVENUE 5,1.359012,103.751888,home
48,Student 48,677743,BUKIT PANJANG PLAZA - STATION 1 1 JELEBU ROAD,1.379962,103.764153,home
49,Student 49,677743,BUKIT PANJANG PLAZA - STATION 2 1 JELEBU ROAD,1.379962,103.764153,home
50,Student 50,677743,BUKIT PANJANG PLAZA - STATION 3 1 JELEBU ROAD,1.379962,103.764153,home
51,Student 51,588215,BUKIT TIMAH MARKET & FOOD CENTRE 51 UPPER BUKIT TIMAH ROAD,1.339521,103.776288,home
52,Student 52,588173,BUKIT TIMAH SHOPPING CENTRE 170 UPPER BUKIT TIMAH ROAD,1.340902,103.775963,home
53,Student 53,270036,BUONA VISTA HDB BRANCH OFFICE - STATION 1 36 HOLLAND DRIVE,1.30946,103.7928089,home
54,Student 54,270036,BUONA VISTA HDB BRANCH OFFICE - STATION 2 36 HOLLAND DRIVE,1.30946,103.7928089,home
55,Student 55,139345,BUONA VISTA MRT STATION 100 NORTH VISTA ROAD,1.307238,103.789937,home
56,Student 56,120420,CASA CLEMENTI 420A CLEMENTI AVENUE 1,1.310116,103.768984,home
57,Student 57,486066,CBP THE SIGNATURE 51 CHANGI BUSINESS PARK CENTRAL 2 #01-K1,1.334908,103.964995,home
58,Student 58,39801,CBP THE SIGNATURE 51 CHANGI BUSINESS PARK CENTRAL 2,1.290272,103.859058,home
59,Student 59,169208,CENDEX CENTRE 120 LOWER DELTA ROAD,1.280226,103.822926,home
60,Student 60,118507,CENTRE FOR ANIMAL WELFARE AND CONTROL 75 PASIR PANJANG ROAD #01-1526,1.274615,103.7959039,home
61,Student 61,319640,CENTRE FOR ANIMAL WELFARE AND CONTROL 75 PASIR PANJANG ROAD,1.3362792,103.8462659,home
62,Student 62,486038,CHANGI CITY POINT 5 CHANGI BUSINESS PARK CENTRAL 1,1.336056,103.963981,home
63,Student 63,738406,CHARTERED SEMICONDUCTOR BUILDING 3 60 WOODLANDS INDUSTRIAL PARK D STREET 2,1.438347,103.767112,home
64,Student 64,560715,CHEERS ANG MO KIO 407 ANG MO KIO AVENUE 10,1.371011,103.8459419,home
65,Student 65,460539,CHEERS BEDOK NORTH 539 BEDOK NORTH STREET 3 #01-625,1.331305,103.925109,home
66,Student 66,238839,CHEERS BEDOK NORTH 539 BEDOK NORTH STREET 3,1.3006139,103.8451045,home
67,Student 67,680303,CHEERS CHOA CHU KANG 303 CHOA CHU KANG AVENUE 4 #01-723,10.441288,76.346362,home
68,Student 68,560107,CHEERS CHOA CHU KANG 303 CHOA CHU KANG AVENUE 4,1.3714519,103.837222,home
69,Student 69,18960,CHEERS STAMFORD COURT 61 STAMFORD ROAD,1.2789419,103.8512186,home
70,Student 70,239001,CHIN SWEE HDB BRANCH OFFICE 54 CHIN SWEE ROAD,1.2912837,103.8394398,home
71,Student 71,609959,CHINESE GARDEN MRT STATION 151 BOON LAY WAY,1.34235,103.732342,home
72,Student 72,439870,CHINESE SWIMMING CLUB 21 & 34 AMBER ROAD,1.300211,103.900423,home
73,Student 73,680309,CHOA CHU KANG HDB BRANCH OFFICE 309 CHOA CHU KANG AVENUE 4,1.38504,103.745452,home
74,Student 74,689810,CHOA CHU KANG MRT STATION CHOA CHU KANG AVENUE 4,1.385659,103.744252,home
75,Student 75,768677,CHONG PANG COMMUNITY CLUB 21 YISHUN RING ROAD,1.4311295,103.8295153,home
76,Student 76,688846,CHUA CHU KANG POLYCLINICS 2 TECK WHYE CRESENT,1.382301,103.750669,home
77,Student 77,409179,CISCO CENTRE 20 JALAN AFIFI #01-02,1.322415,103.892082,home
78,Student 78,168732,CISCO CENTRE 20 JALAN AFIFI,1.286145,103.827342,home
79,Student 79,486026,CITI MICROBRANCH CHANGI BUSINESS PARK NO 3 CHANGI BUSINESS PARK CRESENT,1.334129,103.965824,home
80,Student 80,239001,CITIBANK BUGIS JUNCTION 200 VICTORIA STREET LEVEL 1,1.2912837,103.8394398,home
81,Student 81,169982,CITIBANK GREAT WORLD CITY 1 KIM SENG PROMENADE,1.288766,103.827528,home
82,Student 82,449269,CITIBANK PARKWAY PARADE 80 MARINE PARADE ROAD #01-02,1.301072,103.905281,home
83,Student 83,159682,CITIBANK PARKWAY PARADE 80 MARINE PARADE ROAD,1.285883,103.822906,home
84,Student 84,570514,CITIBANK SHAW HOUSE 350 ORCHARD ROAD,1.350139,103.849757,home
85,Student 85,570512,CITIBANK TAKASHIMAYA 391 ORCHARD ROAD,1.349908,103.849457,home
86,Student 86,98585,CITIBANK VIVOCITY BRANCH 1 HARBOUR FRONT WALK #01-01,46.575603,-122.492277,home
87,Student 87,560554,CITIBANK VIVOCITY BRANCH 1 HARBOUR FRONT WALK,1.372784,103.857763,home
88,Student 88,649041,CITY HARVEST CHURCH - STATION 1 NO 1 JURONG WEST STREET 91,1.342802,103.691852,home
89,Student 89,486150,CITY HARVEST CHURCH - STATION 2 NO 1 JURONG WEST STREET 91 #B2-00,1.332875,103.959004,home
90,Student 90,560443,CITY HARVEST CHURCH - STATION 2 NO 1 JURONG WEST STREET 91,1.366129,103.855221,home
91,Student 91,649041,CITY HARVEST CHURCH - STATION 3 NO 1 JURONG WEST STREET 91,1.342802,103.691852,home
92,Student 92,579837,CITY SQUARE MALL - STATION 1 180 KITCHENER ROAD,1.349971,103.848794,home
93,Student 93,579837,CITY SQUARE MALL - STATION 2 180 KITCHENER ROAD,1.349971,103.848794,home
94,Student 94,275983,CIVIL SERVICE COLLEGE 31 NORTH BUONA VISTA ROAD,1.309322,103.79165,home
95,Student 95,129817,CLEMENTI CAMP 26 CLEMENTI LOOP,1.329805,103.761462,home
96,Student 96,129880,CLEMENTI COMMUNITY CLUB 220 CLEMENTI AVENUE 4,1.319023,103.768076,home
97,Student 97,129580,CLEMENTI MRT STATION 3150 COMMONWEALTH AVENUE WEST,1.315483,103.765041,home
98,Student 98,109682,"CMPB, DEFENCE TECHNOLOGY TOWER (CANTEEN) 2 5 DEPOT ROAD",1.28031,103.814102,home
99,Student 99,757444,COCHRANE LODGE II 49 ADMIRALTY ROAD WEST #01-03,1.461269,103.818398,home
100,Student 100,588183,COCHRANE LODGE II 49 ADMIRALTY ROAD WEST,1.345236,103.773148,home
101,Student 101,149644,COMMONWEALTH CRESCENT HAWKER CENTRE 31 COMMONWEALTH CRESCENT,1.29543,103.8057218,home
102,Student 102,149735,COMMONWEALTH MRT STATION 375 COMMONWEALTH AVENUE WEST,1.302653,103.798047,home
103,Student 103,579827,CPF BISHAN BRANCH - STATION 1 3 BISHAN PLACE,1.350614,103.8481259,home
104,Student 104,579838,CPF BISHAN BRANCH - STATION 2 3 BISHAN PLACE,1.349575,103.849068,home
105,Student 105,609646,CPF JURONG BRANCH - STATION 1 21 JURONG EAST STREET 13 #01-01,1.335135,103.739645,home
106,Student 106,238869,CPF JURONG BRANCH - STATION 1 21 JURONG EAST STREET 13,1.3059564,103.8313258,home
107,Student 107,609646,CPF JURONG BRANCH - STATION 2 21 JURONG EAST STREET 13 #01-01,1.335135,103.739645,home
108,Student 108,18947,CPF JURONG BRANCH - STATION 2 21 JURONG EAST STREET 13,1.2686885,103.8609695,home
109,Student 109,730900,CPF WOODLANDS BRANCH - STATION 1 900 SOUTH WOODLANDS DRIVE #01-02,1.435152,103.787195,home
110,Student 110,574400,CPF WOODLANDS BRANCH - STATION 1 900 SOUTH WOODLANDS DRIVE,1.373071,103.828947,home
111,Student 111,730900,CPF WOODLANDS BRANCH - STATION 2 900 SOUTH WOODLANDS DRIVE #01-02,1.435152,103.787195,home
112,Student 112,229841,CPF WOODLANDS BRANCH - STATION 2 900 SOUTH WOODLANDS DRIVE,1.311009,103.842951,home
113,Student 113,659206,CSC @ BUKIT BATOK 91 BUKIT BATOK WEST AVENUE 2,1.352618,103.749398,home
114,Student 114,147057,DAWSON PLACE - STATION 1 57 DAWSON ROAD #01-K1,1.292802,103.810934,home
115,Student 115,238801,DAWSON PLACE - STATION 1 57 DAWSON ROAD,1.3039538,103.8314425,home
116,Student 116,147057,DAWSON PLACE - STATION 2 57 DAWSON ROAD #01-K1,1.292802,103.810934,home
117,Student 117,207542,DAWSON PLACE - STATION 2 57 DAWSON ROAD,1.309751,103.860054,home
118,Student 118,119963,DBS ARC 460 ALEXANDRA ROAD,1.273673,103.801381,home
119,Student 119,486029,DBS ASIA HUB 2 CHANGI BUSINESS PARK CRESENT,1.332843,103.965234,home
120,Student 120,310109,DBS HDB CENTRE 520 LORONG 6 TOA PAYOH,1.341253,103.846346,home
121,Student 121,571150,DBS MBFC TOWER 3 - STATION 2 12 MARINA BOULEVARD LEVEL 3,1.344551,103.855794,home
122,Student 122,119260,DBS NUS YUSOF ISYAK HOUSE 10 KENT RIDGE,1.294229,103.771172,home
123,Student 123,310178,DBS PENINSULA PLAZA 111 NORTH BRIDGE ROAD,1.333295,103.8491354,home
124,Student 124,98375,DBS QUAYSIDE ISLE @ SENTOSA COVE 31 OCEAN VIEW,47.107955,-122.311436,home
125,Student 125,310190,DBS SERANGOON GARDEN VILLAGE 1 MAJU AVENUE,1.3315682,103.8484981,home
126,Student 126,534057,DBS TAI SENG 26 TAI SENG STREET #01-292,1.3369098,103.8891207,home
127,Student 127,319457,DBS TAI SENG 26 TAI SENG STREET,1.333117,103.852359,home
128,Student 128,609965,DBS TRADEHUB 21 18 BOON LAY WAY,1.328092,103.754847,home
129,Student 129,608838,DBS TT INTERNATIONAL TRADEPARK (THE FURNITURE MALL) 10 TOH GUAN ROAD,1.332345,103.748224,home
130,Student 130,100108,DEPOT HEIGHT SHOPPING CENTRE - STATION 1 108 DEPOT ROAD,40.020384,116.456008,home
131,Student 131,100108,DEPOT HEIGHT SHOPPING CENTRE - STATION 2  108 DEPOT ROAD,40.020384,116.456008,home
132,Student 132,138677,DOVER MRT STATION 200 COMMONWEALTH AVENUE WEST,1.311318,103.778798,home
133,Student 133,468960,EAST COAST LAGOON FOOD VILLAGE 1220 EAST COAST PARKWAY,1.30668,103.935039,home
134,Student 134,449877,EAST COAST PARK CARPARK C3 EAST COAST PARKWAY,1.302508,103.915855,home
135,Student 135,449874,"EAST COAST PARK VISITOR CENTER EAST COAST PARK AREA BASEMENT 2, EAST COAST PARKWAY",1.297597,103.90035,home
136,Student 136,608586,ENTERPRISE HUB 48 TOH GUAN ROAD EAST,1.337078,103.754725,home
137,Student 137,159466,ENV JALAN BUKIT MERAH 4545 JALAN BUKIT MERAH,1.286109,103.807103,home
138,Student 138,469667,ESSO BEDOK NORTH 99 BEDOK NORTH ROAD,1.328266,103.939687,home
139,Student 139,659084,ESSO BUKIT BATOK 813 BUKIT BATOK WEST AVENUE 5,1.366663,103.75054,home
140,Student 140,688786,ESSO CHOA CHU KANG WAY 31 CHOA CHU KANG WAY,1.377611,103.750136,home
141,Student 141,428931,ESSO EAST COAST 239/255 EAST COAST ROAD,1.307947,103.907848,home
142,Student 142,389569,ESSO GEYLANG LORONG 38 638 GEYLANG ROAD,1.31437,103.888845,home
143,Student 143,619594,ESSO JALAN AHMAD IBRAHIM 302 JALAN AHMAD IBRAHIM,1.325017,103.724768,home
144,Student 144,598577,ESSO JURONG KECHIL 37 JALAN JURONG KECHIL,1.339937,103.774764,home
145,Student 145,689716,ESSO M-D PETROLEUM 50 CHOA CHU KANG DRIVE,1.395174,103.747007,home
146,Student 146,348501,ESSO MACPHERSON 101 MACPHERSON ROAD,1.328689,103.871876,home
147,Student 147,758452,ESSO SEMBAWANG 593 SEMBAWANG ROAD,1.4402759,103.824568,home
148,Student 148,507662,ESSO UPPER CHANGI ROAD 955 UPPER CHANGI ROAD NORTH,1.359713,103.969784,home
149,Student 149,739066,ESSO WOODLANDS 50 WOODLANDS AVENUE 1,1.4310911,103.7844756,home
150,Student 150,768888,ESSO YISHUN 10 YISHUN AVENUE 9,1.4316923,103.8397473,home
151,Student 151,479220,EUNOS COMMUNITY CLUB 180 BEDOK RESERVOIR ROAD,1.332658,103.915479,home
152,Student 152,409423,EUNOS MRT STATION 30 EUNOS CRESENT,1.319782,103.902892,home
153,Student 153,486065,EXPO MRT STATION 21 CHANGI SOUTH AVENUE 1,1.334717,103.961688,home
154,Student 154,670445,FAJAR SHOPPING CENTRE - STATION 1 445 FAJAR ROAD,1.383802,103.770558,home
155,Student 155,670445,FAJAR SHOPPING CENTRE - STATION 2 445 FAJAR ROAD,1.383802,103.770558,home
156,Student 156,699008,FARMART CENTRE 67 SUNGEI TENGAH ROAD #B3-K1,1.381899,103.726131,home
157,Student 157,420002,FARMART CENTRE 67 SUNGEI TENGAH ROAD,1.3155683,103.8990709,home
158,Student 158,469644,FENGSHAN COMMUNITY CLUB 20 BEDOK NORTH STREET 2,1.330726,103.936612,home
159,Student 159,138633,FUSIONPOLIS 3 FUSIONPOLIS WAY,1.299036,103.78756,home
160,Student 160,640762,GEK POH SHOPPING CENTRE - STATION 1 762 JURONG WEST STREET 75,1.349156,103.698195,home
161,Student 161,640762,GEK POH SHOPPING CENTRE - STATION 2 762 JURONG WEST STREET 75,1.349156,103.698195,home
162,Student 162,139941,GEMPLUS OFFICE 12 AYER RAJAH CRESCENT,1.296576,103.78794,home
163,Student 163,402001,GEYLANG SERAI MARKET & FOOD CENTRE 1 GEYLANG SERAI,1.316716,103.898214,home
164,Student 164,570197,GIANT ANG MO KIO 181 ANG MO KIO AVENUE 5,1.3490119,103.8508937,home
165,Student 165,650284,GIANT BUKIT BATOK 284 BUKIT BATOK EAST AVENUE 3 #04-15,1.346808,103.75726,home
166,Student 166,420002,GIANT BUKIT BATOK 284 BUKIT BATOK EAST AVENUE 3,1.3155683,103.8990709,home
167,Student 167,98585,GIANT VIVOCITY 1 HARBOUR FRONT WALK,46.575603,-122.492277,home
168,Student 168,419734,GREAT EASTERN CHANGI 200 CHANGI ROAD,1.317256,103.903484,home
169,Student 169,671524,GREENRIDGE SHOPPING CENTRE - STATION 1 524A JELAPANG ROAD,1.384827,103.76636,home
170,Student 170,671524,GREENRIDGE SHOPPING CENTRE - STATION 2 524A JELAPANG ROAD,1.384827,103.76636,home
171,Student 171,310260,GV GRAND GREAT WORLD CITY 1 KIM SENG PROMENADE,1.3321,103.857435,home
172,Student 172,314079,GV MARINA SQUARE 5A RAFFLES AVENUE,1.334377,103.84956,home
173,Student 173,570282,GV PLAZA SINGAPURA 68 ORCHARD ROAD,1.358271,103.844651,home
174,Student 174,529510,GV TAMPINES MALL 4 TAMPINES CENTRAL 5 #04-17,1.352661,103.945245,home
175,Student 175,238868,GV TAMPINES MALL 4 TAMPINES CENTRAL 5,1.305487,103.831573,home
176,Student 176,311125,GV TIONG BAHRU PLAZA 302 TIONG BAHRU ROAD,1.337527,103.845774,home
177,Student 177,768794,GV YISHUN 51 YISHUN CENTRAL 1,1.4300139,103.836348,home
178,Student 178,510443,HDB PASIR RIS BRANCH OFFICE 443 PASIR RIS DRIVE 6 #02-00,1.369427,103.957429,home
179,Student 179,238873,HDB PASIR RIS BRANCH OFFICE 443 PASIR RIS DRIVE 6,1.302806,103.8357916,home
180,Student 180,530205,HEARTLAND MALL- KOVAN - STATION 1 205 HOUGANG STREET 21,22.616532,108.630661,home
181,Student 181,530205,HEARTLAND MALL- KOVAN - STATION 2 205 HOUGANG STREET 21,22.616532,108.630661,home
182,Student 182,278967,HOLLAND ROAD SHOPPING CENTRE 211 HOLLAND AVENUE,1.310177,103.7953129,home
183,Student 183,670256,HOLLAND-BUKIT PANJANG TOWN COUNCIL OFFICE - STATION 1 256 BANGKIT ROAD,1.379094,103.772851,home
184,Student 184,670256,HOLLAND-BUKIT PANJANG TOWN COUNCIL OFFICE - STATION 2 256 BANGKIT ROAD,1.379094,103.772851,home
185,Student 185,659003,HOMETEAM NS BUKIT BATOK  2 BUKIT BATOK WEST AVENUE 7,1.365784,103.748504,home
186,Student 186,680253,HONG KAH TOWN COUNCIL - KEAT HONG SHOPPING CENTRE 253 CHOA CHU KANG AVENUE 1,1.377542,103.744413,home
187,Student 187,680140,HONG KAH TOWN COUNCIL 140 TECK WHYE LANE #01-00,1.380004,103.753025,home
188,Student 188,199597,HONG KAH TOWN COUNCIL 140 TECK WHYE LANE,1.302638,103.8622199,home
189,Student 189,650372,HONG KAH TOWN COUNCIL 372 BUKIT BATOK STREET 31 #01-00,1.359015,103.751101,home
190,Student 190,179030,HONG KAH TOWN COUNCIL 372 BUKIT BATOK STREET 31,1.2917766,103.8448938,home
191,Student 191,640962,HONG KAH TOWN COUNCIL 962 JURONG WEST STREET 91,1.341727,103.691672,home
192,Student 192,538692,HOUGANG 1 1 HOUGANG STREET 91,1.376022,103.879482,home
193,Student 193,538719,HOUGANG GREEN SHOPPING MALL 21 HOUGANG STREET 51,1.379502,103.888221,home
194,Student 194,538766,HOUGANG MALL 90 HOUGANG AVENUE 10,1.372629,103.893938,home
195,Student 195,538829,HOUGANG POLYCLINICS 89 HOUGANG AVENUE 4,1.370032,103.889024,home
196,Student 196,609935,ICON @ INTERNATIONAL BUSINESS PARK 3A INTERNATIONAL BUSINESS PARK,1.3276,103.749234,home
197,Student 197,319758,ICON VILLAGE 12 GOPENG STREET,1.3406079,103.8453817,home
198,Student 198,370036,IECON ACTIVE EXPRESS MART 36 CIRCUIT ROAD #01-412,1.328989,103.886929,home
199,Student 199,119578,IECON ACTIVE EXPRESS MART 36 CIRCUIT ROAD,1.278715,103.8013131,home
200,Student 200,188024,IECON ACTIVE SUPERMARKET 74 WHAMPOA DRIVE,1.3003191,103.8557365,home
201,Student 201,520915,IECON ACTUA TRADING AND SUPPLIES 915 TAMPINES STREET 91 #01-43,1.348627,103.939517,home
202,Student 202,179100,IECON ACTUA TRADING AND SUPPLIES 915 TAMPINES STREET 91,1.293171,103.852376,home
203,Student 203,542303,IECON ANCHORVALE MINIMART 303 ANCHORVALE LINK #01-04,1.387423,103.889867,home
204,Student 204,208539,IECON ANCHORVALE MINIMART 303 ANCHORVALE LINK,1.3113982,103.8565897,home
205,Student 205,760761,IECON ANN TENG HENG 761 YISHUN STREET 72 #01-344,1.425443,103.833179,home
206,Student 206,589471,IECON ANN TENG HENG 761 YISHUN STREET 72,1.336112,103.784068,home
207,Student 207,760173,IECON ASERET TRADING 173 YISHUN AVENUE 7 #01-825,1.43708,103.830921,home
208,Student 208,545614,IECON ASERET TRADING 173 YISHUN AVENUE 7,1.36089,103.873692,home
209,Student 209,188022,IECON BAN SENG PROVISIONS 116 TOA PAYOH LORONG 2,1.30031,103.8557469,home
210,Student 210,520280,IECON BEGONIA SUPERMARKET 280 TAMPINES STREET 22 #01-244,1.347603,103.951694,home
211,Student 211,208539,IECON BEGONIA SUPERMARKET 280 TAMPINES STREET 22,1.3113982,103.8565897,home
212,Student 212,760748,IECON CHAN LIAN SENG 748 YISHUN STREET 72,1.4276423,103.8333708,home
213,Student 213,530124,IECON CHIN HUAT SIONG KEE 124 HOUGANG AVENUE 1 #01-1432,1.352906,103.886586,home
214,Student 214,217664,IECON CHIN HUAT SIONG KEE 124 HOUGANG AVENUE 1,1.315722,103.856214,home
215,Student 215,531002,IECON CHNG WAH SENG 2 LORONG LEW LIAN #01-42,1.350669,103.875584,home
216,Student 216,179019,IECON CHNG WAH SENG 2 LORONG LEW LIAN,1.2901676,103.8448626,home
217,Student 217,530309,IECON CHNG WAH SENG 309 HOUGANG AVENUE 5 #01-291,22.956903,109.135052,home
218,Student 218,579701,IECON CHNG WAH SENG 309 HOUGANG AVENUE 5,1.342819,103.859222,home
219,Student 219,152028,IECON CHOP CHUAN LEONG 28 JALAN BUKIT MERAH #01-4466,1.286355,103.809689,home
220,Student 220,179030,IECON CHOP CHUAN LEONG 28 JALAN BUKIT MERAH,1.2917766,103.8448938,home
221,Student 221,188067,IECON CHUA YAN KEE 49 TANGLIN HALT ROAD,1.299629,103.854302,home
222,Student 222,530911,IECON CHY YUAN MINI SUPERMARKET 911 HOUGANG STREET 91 #01-58,1.378941,103.883808,home
223,Student 223,579838,IECON CHY YUAN MINI SUPERMARKET 911 HOUGANG STREET 91,1.349575,103.849068,home
224,Student 224,188067,IECON FAMILY STORE 632 ANG MO KIO AVENUE 4,1.299629,103.854302,home
225,Student 225,520343,IECON GOOD WELL SUPERMARKET 343 TAMPINES STREET 33 #01-318,1.351945,103.961193,home
226,Student 226,68897,IECON GOOD WELL SUPERMARKET 343 TAMPINES STREET 33,1.2772297,103.847986,home
227,Student 227,530511,IECON GUAT SENG HUAT 511 HOUGANG AVENUE 10 #01-149,23.669527,108.731467,home
228,Student 228,68897,IECON GUAT SENG HUAT 511 HOUGANG AVENUE 10,1.335755,103.8554939,home
229,Student 229,588996,IECON HAO GUAN MINI MART 505 ANG MO KIO AVENUE 8,1.339001,103.778958,home
230,Student 230,760664,IECON HOCK TAI CHEONG 664 YISHUN AVENUE 4 #01-279,1.420297,103.841045,home
231,Student 231,228213,IECON HOCK TAI CHEONG 664 YISHUN AVENUE 4,1.307249,103.833358,home
232,Student 232,760103,IECON KIM ENG MINI SUPERMARKET 103 YISHUN RING ROAD #01-79,1.431578,103.828487,home
233,Student 233,238884,IECON KIM ENG MINI SUPERMARKET 103 YISHUN RING ROAD,1.3062153,103.8286,home
234,Student 234,370078,IECON LI FENG YUAN 78 CIRCUIT ROAD #01-484,1.327882,103.885268,home
235,Student 235,319378,IECON LI FENG YUAN 78 CIRCUIT ROAD,1.3372679,103.854614,home
236,Student 236,640453,IECON LIM THIONG BENG 453 JURONG WEST STREET 42 #01-K1,1.351389,103.717685,home
237,Student 237,219428,IECON LIM THIONG BENG 453 JURONG WEST STREET 42,1.307297,103.849171,home
238,Student 238,530440,IECON LIN DA MINI 440 HOUGANG AVENUE 8 #B1-1567,1.379157,103.893518,home
239,Student 239,68897,IECON LIN DA MINI 440 HOUGANG AVENUE 8,1.335755,103.8554939,home
240,Student 240,640727,IECON MING HUAT MINIMART 727 JURONG WEST AVENUE 5 #01-190,1.345712,103.69787,home
241,Student 241,219428,IECON MING HUAT MINIMART 727 JURONG WEST AVENUE 5,1.307297,103.849171,home
242,Student 242,520878,IECON OM SAI MINIMART 878 TAMPINES AVENUE 8 #01-318,1.35219,103.931279,home
243,Student 243,160133,IECON OM SAI MINIMART 878 TAMPINES AVENUE 8,1.279541,103.827307,home
244,Student 244,299939,IECON ONG JIT SANG 203 TOA PAYOH NORTH,1.3363192,103.8334007,home
245,Student 245,760605,IECON PIAK LAN HIONG 605 YISHUN STREET 61 #01-311,1.421807,103.8362269,home
246,Student 246,79907,IECON PIAK LAN HIONG 605 YISHUN STREET 61,1.2732079,103.843634,home
247,Student 247,520369,IECON RAMYAA 369 TAMPINES STREET 34 #01-21,1.358614,103.960233,home
248,Student 248,188867,IECON RAMYAA 369 TAMPINES STREET 34,1.300599,3.854893,home
249,Student 249,154075,IECON RONG XING PTE LTD 75D REDHILL ROAD #01-92,1.288515,103.815713,home
250,Student 250,575701,IECON RONG XING PTE LTD 75D REDHILL ROAD,1.3565169,103.8362765,home
251,Student 251,238843,IECON SAN CHUNG MINIMART 24 BENDEMEER ROAD,1.3019594,103.8398305,home
252,Student 252,120354,IECON SIN YEW LEONG 354 CLEMENTI AVENUE 2 #01-223,1.313528,103.770778,home
253,Student 253,18982,IECON SIN YEW LEONG 354 CLEMENTI AVENUE 2,1.2800785,103.8552787,home
254,Student 254,238843,IECON TAY YONG HUAT 128 ANG MO KIO AVENUE 3,1.3019594,103.8398305,home
255,Student 255,100077,IECON TECK GUAN 77 TELOK BLANGAH DRIVE #01-228,1.273906,103.808521,home
256,Student 256,18990,IECON TECK GUAN 77 TELOK BLANGAH DRIVE,1.276274,103.854629,home
257,Student 257,79120,IECON TONG SENG HUAT 234 TOA PAYOH LORONG 8,1.273228,103.8448952,home
258,Student 258,730136,IECON UNITED SUPERMARKET 136 MARSILING ROAD #01-2188,1.438646,103.777659,home
259,Student 259,179097,IECON UNITED SUPERMARKET 136 MARSILING ROAD,1.29133,103.850074,home
260,Student 260,39593,IECON WEI ANN 107 ANG MO KIO AVE 4,1.292937,103.857002,home
261,Student 261,39593,IECON YEO SOON LAI MINIMART 554 ANG MO KIO AVENUE 10,1.292937,103.857002,home
262,Student 262,39593,IEZHEN MINIMART 443 ANG MO KIO AVENUE 10,1.292937,103.857002,home
263,Student 263,159965,IKEA ALEXANDRA 317 ALEXANDRA ROAD,1.288155,103.805666,home
264,Student 264,609601,IMM LEVEL 1 - STATION 2 2 JURONG EAST STREET 21,1.334938,103.746872,home
265,Student 265,609601,IMM LEVEL 1 - STATION 3 2 JURONG EAST STREET 21,1.334938,103.746872,home
266,Student 266,609601,IMM LEVEL 2 - STATION 1 2 JURONG EAST STREET 21,1.334938,103.746872,home
267,Student 267,539747,INSTITUTE OF MENTAL HEALTH 10 BUANGKOK VIEW,1.383077,103.885005,home
268,Student 268,609924,IQUEST @ INTERNATIONAL BUSINESS PARK 27 INTERNATIONAL BUSINESS PARK,1.325937,103.746759,home
269,Student 269,688236,ITE COLLEGE WEST (CHOA CHU KANG) 1 CHOA CHU KANG GROVE,1.374852,103.751746,home
270,Student 270,609731,J CUBE - STATION 1 2 JURONG EAST CENTRAL 1 BASEMENT 1,1.33352,103.740277,home
271,Student 271,609731,J CUBE - STATION 2 2 JURONG EAST CENTRAL 1 LEVEL 4,1.33352,103.740277,home
272,Student 272,39593,JALAN BESAR STADIUM 100 TYRWHITT ROAD,1.292937,103.857002,home
273,Student 273,608550,JEM 52 JURONG GATEWAY ROAD #B1-K1,1.3322805,103.7433378,home
274,Student 274,18970,JEM 52 JURONG GATEWAY ROAD,1.2862989,103.8592169,home
275,Student 275,530108,JIASHAN BUILDING CONTRACTOR 108 HOUGANG AVENUE 1,23.38696,107.910563,home
276,Student 276,609434,JTC SUMMIT 8 JURONG TOWN HALL ROAD,1.331037,103.741504,home
277,Student 277,677899,JUNCTION 10 1 WOODLANDS ROAD,1.37978,103.760383,home
278,Student 278,649042,"JURONG CAMP 2 29 JURONG WEST STREET 91, AFPN 1582",1.33915,103.688374,home
279,Student 279,608560,JURONG DORMITORY 36 PENJURU PLACE,1.316245,103.732232,home
280,Student 280,648886,JURONG POINT - STATION 1 1 JURONG WEST CENTRAL LEVEL 1,1.339874,103.706464,home
281,Student 281,648886,JURONG POINT - STATION 2 1 JURONG WEST CENTRAL LEVEL 1,1.339874,103.706464,home
282,Student 282,609788,JURONG POLYCLINICS 190 JURONG EAST AVENUE 1,1.349792,103.730619,home
283,Student 283,609732,JURONG REGIONAL LIBRARY 21 JURONG EAST CENTRAL,1.332892,103.73951,home
284,Student 284,600135,JURONG TOWN COUNCIL 135 JURONG GATEWAY ROAD,1.333788,103.739684,home
285,Student 285,651154,JURONG TOWN COUNCIL 154A BUKIT BATOK WEST AVENUE 8,1.347399,103.743673,home
286,Student 286,600252,JURONG TOWN COUNCIL 252 JURONG EAST STREET 24,1.343415,103.738456,home
287,Student 287,600252,JURONG TOWN COUNCIL 252 JURONG EAST STREET 24,1.343415,103.738456,home
288,Student 288,600255,JURONG TOWN COUNCIL 255 JURONG EAST STREET 24,1.344288,103.737778,home
289,Student 289,605286,JURONG TOWN COUNCIL 286E TOH GUAN ROAD,1.339312,103.745175,home
290,Student 290,120308,JURONG TOWN COUNCIL 308 CLEMENTI AVENUE 4,1.321165,103.76687,home
291,Student 291,600345,JURONG TOWN COUNCIL 345 JURONG EAST STREET 31,1.345526,103.731146,home
292,Student 292,640492,JURONG TOWN COUNCIL 492 JURONG WEST,1.350203,103.724268,home
293,Student 293,650630,JURONG TOWN COUNCIL 630 BUKIT BATOK CENTRAL,1.349812,103.749935,home
294,Student 294,650632,JURONG TOWN COUNCIL 632 BUKIT BATOK CENTRAL,1.349353,103.750512,home
295,Student 295,641518,JURONG WEST HDB BRANCH OFFICE 518A JURONG WEST STREET 52,1.345284,103.7189549,home
296,Student 296,648965,JURONG WEST SPORT & RECREATION CENTRE 20 JURONG WEST STREET 93,1.338574,103.694113,home
297,Student 297,469627,KAKI BUKIT COMMUNITY CLUB 670 BEDOK NORTH STREET 3,1.333317,103.926892,home
298,Student 298,415814,KAKI BUKIT RECREATION CENTRE 7 KAKI BUKIT AVENUE 3,1.3366249,103.9054326,home
299,Student 299,387405,KALLANG MRT STATION 5 SIMS AVENUE,1.311472,103.871353,home
300,Student 300,409075,KAMPONG UBI COMMUNITY CLUB 10 JALAN UBI #01-01,1.317871,103.900624,home
301,Student 301,78877,KAMPONG UBI COMMUNITY CLUB 10 JALAN UBI,1.275185,103.8445519,home
302,Student 302,416551,KEMBANGAN MRT STATION 55 SIMS AVENUE EAST,16.216966,74.434976,home
303,Student 303,769092,KHATIB MRT STATION 201 YISHUN AVENUE 2,1.41736,103.832919,home
304,Student 304,768828,KHOO TECK PUAT HOSPITAL 90 YISHUN CENTRAL #01-01,1.4237979,103.838436,home
305,Student 305,179097,KHOO TECK PUAT HOSPITAL 90 YISHUN CENTRAL,1.29133,103.850074,home
306,Student 306,671259,KIM SAN LENG (BUKIT PANJANG) 259 BUKIT PANJANG #01-36,1.377432,103.77279,home
307,Student 307,NULL,KIM SAN LENG (BUKIT PANJANG) 259 BUKIT PANJANG,1.2862989,103.8592169,home
308,Student 308,600202,KIM SAN LENG (JURONG EAST) 202 JURONG EAST,1.336786,103.742965,home
309,Student 309,400302,KIM SAN LENG (UBI) 302 UBI AVENUE 1 #01-71,1.329951,103.900986,home
310,Student 310,310520,KIM SAN LENG (UBI) 302 UBI AVENUE 1,1.3331682,103.8473278,home
311,Student 311,760417,KIM SAN LENG (YISHUN) 417 YISHUN RING ROAD,1.4338271,103.8295083,home
312,Student 312,520462,KNK GLOBAL PTE LTD 462 TAMPINES STREET 44 #01-74,1.358975,103.954987,home
313,Student 313,18982,KNK GLOBAL PTE LTD 462 TAMPINES STREET 44,1.2804899,103.853496,home
314,Student 314,544829,KOPITIAM COMPASS SQUARE 10 SENGKANG AVENUE,1.391503,103.893615,home
315,Student 315,738702,KRANJI MRT STATION 960 WOODLANDS ROAD,1.425249,103.762,home
316,Student 316,738078,KRANJI TURF CLUB 1 TURF CLUB,1.422209,103.762266,home
317,Student 317,488047,LAGUNA NATIONAL GOLF AND COUNTRY CLUB 11 LAGUNA GOLF GREEN,1.32388,103.963164,home
318,Student 318,649845,LAKESIDE MRT STATION 201 BOON LAY WAY,1.344394,103.720999,home
319,Student 319,597626,LAURELS SUPERMARKET 2 PANDAN VALLEY ULU PANDAN ROAD #B1-204,1.320431,103.778992,home
320,Student 320,18970,LAURELS SUPERMARKET 2 PANDAN VALLEY ULU PANDAN ROAD,1.2862989,103.8592169,home
321,Student 321,208699,LAVENDER MRT STATION 50 KALLANG ROAD,1.307527,103.863101,home
322,Student 322,498787,LIAN SOON AMENITY CENTRE 91 ALPS AVENUE,1.37568,104.002665,home
323,Student 323,680533,LIMBANG SHOPPING CENTRE - STATION 1 533 CHOA CHU KANG STREET 51,1.392015,103.743131,home
324,Student 324,680533,LIMBANG SHOPPING CENTRE - STATION 2 533 CHOA CHU KANG STREET 51,1.392015,103.743131,home
325,Student 325,689812,LOT 1 SHOPPERS MALL - STATION 1 21 CHOA CHU KANG AVENUE 4,1.384848,103.745046,home
326,Student 326,689812,LOT 1 SHOPPERS MALL - STATION 2 21 CHOA CHU KANG AVENUE 4,1.384848,103.745046,home
327,Student 327,510258,LOYANG POINT - STATION 1 258 PASIR RIS STREET 21,1.367095,103.964726,home
328,Student 328,510258,LOYANG POINT - STATION 2 258 PASIR RIS STREET 21,1.367095,103.964726,home
329,Student 329,609928,M1 SHOP 10 INTERNATIONAL BUSINESS PARK,1.325497,103.74904,home
330,Student 330,379131,MACPHERSON COMMUNITY CLUB 400 PAYA LEBAR WAY,1.323438,103.88467,home
331,Student 331,829734,MARINA COUNTRY CLUB 600 PONGGOL SEVENTEENTH AVENUE,1.415119,103.898972,home
332,Student 332,440050,MARINE PARADE TOWN COUNCIL - MARINE TERRACE OFFICE 50 MARINE TERRACE #01-265,1.305042,103.915939,home
333,Student 333,320074,MARINE PARADE TOWN COUNCIL - MARINE TERRACE OFFICE 50 MARINE TERRACE,1.324803,103.857822,home
334,Student 334,390051,MARINE PARADE TOWN COUNCIL - OLD AIRPORT ROAD 51 OLD AIRPORT ROAD,1.308248,103.885894,home
335,Student 335,360001,MARINE PARADE TOWN COUNCIL 1 UPPER ALJUNIED LANE,22.296405,70.794156,home
336,Student 336,380118,MARINE PARADE TOWN COUNCIL 118 ALJUNIED AVENUE 2,1.320126,103.887252,home
337,Student 337,380119,MARINE PARADE TOWN COUNCIL 119 ALJUNIED AVENUE 2,1.31953,103.886657,home
338,Student 338,550153,MARINE PARADE TOWN COUNCIL 153 SERANGOON NORTH AVENUE 1,1.369972,103.872411,home
339,Student 339,550226,MARINE PARADE TOWN COUNCIL 226 SERANGOON AVENUE 4,1.356886,103.870712,home
340,Student 340,550266,MARINE PARADE TOWN COUNCIL 266 SERANGOON CENTRAL DRIVE,1.353432,103.871399,home
341,Student 341,400304,MARINE PARADE TOWN COUNCIL 304 UBI AVENUE 1,1.329443,103.901257,home
342,Student 342,400306,MARINE PARADE TOWN COUNCIL 306 UBI AVENUE 1,1.329438,103.902291,home
343,Student 343,550326,MARINE PARADE TOWN COUNCIL 326 SERANGOON AVENUE 3,1.350383,103.86899,home
344,Student 344,400341,MARINE PARADE TOWN COUNCIL 341 UBI AVENUE 1,1.326765,103.901742,home
345,Student 345,739044,MARSILING MRT STATION 71 WOODLANDS AVENUE 3,1.432563,103.774161,home
346,Student 346,419975,MASJID KASSIM 448 CHANGI ROAD,1.31903,103.912232,home
347,Student 347,730888,MAYBANK 888 PLAZA 888 WOODLANDS DRIVE 50,1.437703,103.79527,home
348,Student 348,460210,MAYBANK BEDOK 210 NEW UPPER CHANGI ROAD,1.324715,103.931685,home
349,Student 349,440087,MAYBANK MARINE PARADE 87 MARINE PARADE CENTRAL,1.302638,103.905569,home
350,Student 350,560407,MAYBANK ROBINSON 16 RAFFLES QUAY,1.361909,103.855275,home
351,Student 351,148951,MDIS UNICAMPUS HOSTEL 501 STIRLING ROAD,1.296864,103.800775,home
352,Student 352,569933,MICRO BRANCH CITIBANK 53 ANG MO KIO AVENUE 3,1.369017,103.848122,home
353,Student 353,39192,MILLENIA WALK 9 RAFFLES BOULEVARD #02-K1,1.291601,103.860166,home
354,Student 354,209266,MILLENIA WALK 9 RAFFLES BOULEVARD,1.312644,103.860271,home
355,Student 355,669645,MINDEF BUILDING 212 GOMBAK DRIVE,1.370436,103.758669,home
356,Student 356,189655,NAFA CAMPUS 1 80 BENCOOLEN STREET,1.299809,103.8512578,home
357,Student 357,569830,NANYANG POLYTECHNIC A 180 ANG MO KIO AVENUE 8,1.378461,103.848988,home
358,Student 358,639548,NANYANG TECHNOLOGICAL UNIVERSITY BUS STOP CANTEEN 2 35 STUDENT WALK,1.348251,103.685797,home
359,Student 359,637331,"NANYANG TECHNOLOGICAL UNIVERSITY NORTH SPINE NANYANG NORTH SPINE, 76 NANYANG AVENUE",1.34715,103.680099,home
360,Student 360,639798,"NANYANG TECHNOLOGICAL UNIVERSITY SOUTH SPINE NANYANG SOUTH SPINE, 50 NANYANG AVENUE",1.344233,103.680142,home
361,Student 361,188064,NATIONAL LIBRARY 100 VICTORIA STREET,1.2975132,103.8539367,home
362,Student 362,119074,NATIONAL UNIVERSITY HOSPITAL KENT RIDGE WING 5 LOWER KENT RIDGE LEVEL 3,1.294736,103.782853,home
363,Student 363,119074,NATIONAL UNIVERSITY HOSPITAL MAIN BUILDING 5 LOWER KENT RIDGE LEVEL1,1.294736,103.782853,home
364,Student 364,569141,NCS HUB 5 ANG MO KIO STREET 62,1.387928,103.844052,home
365,Student 365,556741,NEW TECH PARK 151 LORONG CHUAN,1.352087,103.861482,home
366,Student 366,228234,NEWTON MRT STATION 49 SCOTTS ROAD,1.3124622,103.8380377,home
367,Student 367,556083,NEX SHOPPING MALL - STATION 1 23 SERANGOON CENTRAL #B1-00,1.350644,103.871806,home
368,Student 368,570222,NEX SHOPPING MALL - STATION 1 23 SERANGOON CENTRAL,1.3580692,103.8480787,home
369,Student 369,556083,NEX SHOPPING MALL - STATION 2 23 SERANGOON CENTRAL #B1-00,1.350644,103.871806,home
370,Student 370,310116,NEX SHOPPING MALL - STATION 2 23 SERANGOON CENTRAL,1.3404312,103.8461174,home
371,Student 371,556083,NEX SHOPPING MALL - STATION 3 23 SERANGOON CENTRAL #02-00,1.350644,103.871806,home
372,Student 372,142049,NEX SHOPPING MALL - STATION 3 23 SERANGOON CENTRAL,1.3004579,103.7973192,home
373,Student 373,556083,NEX SHOPPING MALL - STATION 4 23 SERANGOON CENTRAL #03-00,1.350644,103.871806,home
374,Student 374,560632,NEX SHOPPING MALL - STATION 4 23 SERANGOON CENTRAL,1.379999,103.841406,home
375,Student 375,599489,NGEE ANN POLYTECHNIC 535 CLEMENTI ROAD,1.332823,103.772471,home
376,Student 376,769098,NORTHPOINT - STATION 1 930 YISHUN AVENUE 2,1.4298358,103.8355685,home
377,Student 377,769098,NORTHPOINT - STATION 2 930 YISHUN AVENUE 2,1.4298358,103.8355685,home
378,Student 378,769098,NORTHPOINT - STATION 3 930 YISHUN AVENUE 2,1.4298358,103.8355685,home
379,Student 379,757716,NORTHTECH 29 WOODLANDS INDUSTRIAL PARK E1,1.45535,103.799804,home
380,Student 380,307642,NOVENA MRT STATION 250 THOMSON ROAD,1.3202681,103.8435124,home
381,Student 381,239571,NTUC FAIRPRICE ORCHARD GRAND COURT 131 KILLINEY ROAD,1.297592,103.838707,home
382,Student 382,189557,NTUC INCOME CENTRE 75 BRAS BASAH ROAD,1.287159,103.841239,home
383,Student 383,119260,NUS BLOCK ADMIN 10 KENT RIDGE CRESCENT,1.294229,103.771172,home
384,Student 384,117576,NUS BLOCK E4 9 ENGINEERING DRIVE #04-00,1.299144,103.770845,home
385,Student 385,18970,NUS BLOCK E4 9 ENGINEERING DRIVE,1.2862989,103.8592169,home
386,Student 386,259759,NUS BUKIT TIMAH CAMPUS 469 BUKIT TIMAH ROAD,1.322485,103.818276,home
387,Student 387,138608,NUS CUTOWN 8 COLLEGE AVENUE WEST,1.3071809,103.7733071,home
388,Student 388,119260,NUS LT 27 10 KENT RIDGE CRESCENT,1.294229,103.771172,home
389,Student 389,560632,O MOCHI CAKE AND BAKERY PTE LTD 632 ANG MO KIO AVENUE 4 #01-966,1.379999,103.841406,home
390,Student 390,178892,O MOCHI CAKE AND BAKERY PTE LTD 632 ANG MO KIO AVENUE 4,1.293942,103.849996,home
391,Student 391,18989,ONE MARINA BOULEVARD 1 MARINA BOULEVARD,1.282387,103.852437,home
392,Student 392,319402,ORANGETEE BUILDING 430 LORONG 6 TOA PAYOH,1.331579,103.849209,home
393,Student 393,238896,ORCHARD CENTRAL  181 ORCHARD ROAD,1.3009279,103.8399306,home
394,Student 394,238878,ORCHARD MRT STATION 437 ORCHARD ROAD,1.303287,103.8323238,home
395,Student 395,169037,OUTRAM PARK MRT STATION 10 OUTRAM ROAD,1.281367,103.8391087,home
396,Student 396,238459,PARK MALL 9 PENANG ROAD BASEMENT 1,1.298048,103.844577,home
397,Student 397,188307,PARKLANE SHOPPING MALL 35 SELEGIE ROAD,1.300626,103.849458,home
398,Student 398,449269,PARKWAY PARADE 80 MARINE PARADE ROAD,1.301072,103.905281,home
399,Student 399,637559,PASIR LABA CAMP 132 PASIR LABA ROAD,1.333874,103.671339,home
400,Student 400,519634,PASIR RIS MRT STATION 10 PASIR RIS CENTRAL,1.373013,103.949331,home
401,Student 401,519110,PASIR RIS PARK CARPARK E PASIR RIS ROAD,22.232241,113.195607,home
402,Student 402,510735,PASIR RIS WEST PLAZA - STATION 1 735 PASIR RIS STREET 72,1.379692,103.936062,home
403,Student 403,510735,PASIR RIS WEST PLAZA - STATION 2 735 PASIR RIS STREET 72,1.379692,103.936062,home
404,Student 404,540156,PASIR RIS-PUNGGOL TOWN COUNCIL 156 RIVERVALE CRESCENT,1.390968,103.90741,home
405,Student 405,820198,PASIR RIS-PUNGGOL TOWN COUNCIL 198 PUNGGOL FIELD,1.39946,103.90634,home
406,Student 406,540263,PASIR RIS-PUNGGOL TOWN COUNCIL 263 COMPASSVALE STREET,1.39484,103.895953,home
407,Student 407,540266,PASIR RIS-PUNGGOL TOWN COUNCIL 266 COMPASSVALE BOW,1.38191,103.897061,home
408,Student 408,540267,PASIR RIS-PUNGGOL TOWN COUNCIL 267 COMPASSVALE LINK,1.38376,103.897067,home
409,Student 409,544275,PASIR RIS-PUNGGOL TOWN COUNCIL 275D COMPASSVALE LINK,1.382748,103.893938,home
410,Student 410,510443,PASIR RIS-PUNGGOL TOWN COUNCIL 443 PASIR RIS DRIVE 6,1.369427,103.957429,home
411,Student 411,820603,PASIR RIS-PUNGGOL TOWN COUNCIL 603 PUNGGOL ROAD,1.403872,103.907988,home
412,Student 412,820639,PASIR RIS-PUNGGOL TOWN COUNCIL 639 PUNGGOL DRIVE,1.399345,103.915923,home
413,Student 413,409006,PAYA LEBAR MRT STATION 30 PAYA LEBAR ROAD,29.387905,108.782407,home
414,Student 414,219458,PEK KIO COMMUNITY CLUB 21 GLOUCESTER ROAD,1.3129033,103.8519245,home
415,Student 415,640638,PIONEER MALL - STATION 1 638 JURONG WEST STREET 61,1.34152,103.696988,home
416,Student 416,640638,PIONEER MALL - STATION 2 638 JURONG WEST STREET 61,1.34152,103.696988,home
417,Student 417,235539,PLAZA SINGAPURA - STATION 1 68 ORCHARD ROAD #B1-00,1.3006139,103.8451045,home
418,Student 418,48622,PLAZA SINGAPURA - STATION 1 68 ORCHARD ROAD,1.2832111,103.8518973,home
419,Student 419,235539,PLAZA SINGAPURA - STATION 2 68 ORCHARD ROAD #B1-00,1.3006139,103.8451045,home
420,Student 420,48622,PLAZA SINGAPURA - STATION 2 68 ORCHARD ROAD,1.2832111,103.8518973,home
421,Student 421,188306,POMO 1 SELEGIE ROAD,1.3001259,103.849316,home
422,Student 422,534414,POSB 1024 TAI SENG (TAI SENG INDUSTRIAL ESTATE) 1024 TAI SENG AVENUE,1.335655,103.892303,home
423,Student 423,670128,POSB 128 PENDING ROAD 128 PENDING ROAD,1.376086,103.769688,home
424,Student 424,390013,POSB 13 JALAN EMPAT 13 JALAN EMPAT,1.307053,103.883466,home
425,Student 425,460133,POSB 133 BEDOK NORTH 133 BEDOK NORTH AVENUE 3,1.327608,103.935474,home
426,Student 426,520146,POSB 146 SIMEI 146 SIMEI STREET 2,1.344643,103.955832,home
427,Student 427,140158,POSB 158 MEILING STREET 158 MEILING STREET,1.2926246,103.8027491,home
428,Student 428,680016,POSB 16 TECK WHYE LANE 16 TECK WHYE LANE,1.378556,103.754891,home
429,Student 429,460018,POSB 18 BEDOK SOUTH 18 BEDOK SOUTH,51.78294,55.121647,home
430,Student 430,590018,POSB 18 TOH YI ROAD 18 TOH YI DRIVE,15.78247,74.467217,home
431,Student 431,768925,POSB 190 YISHUN AVENUE 7 190 YISHUN AVENUE 7,1.440684,103.836587,home
432,Student 432,569506,POSB 22 ANG MO KIO INDUSTRIAL PARK 2 22 ANG MO KIO INDUSTRIAL PARK 2,1.302806,103.8357916,home
433,Student 433,530023,POSB 23 HOUGANG AVENUE 3 23 HOUGANG AVENUE 3,1.364858,103.8907,home
434,Student 434,605286,POSB 286E TOH GUAN 286E TOH GUAN ROAD,1.339312,103.745175,home
435,Student 435,531003,POSB 3 LORONG LEW LIAN 3 LORONG LEW LIAN,1.350556,103.876088,home
436,Student 436,400301,POSB 301 KAMPONG UBI 301 UBI AVENUE 1 #01-01,1.330744,103.902125,home
437,Student 437,18982,POSB 301 KAMPONG UBI 301 UBI AVENUE 1,1.2804899,103.853496,home
438,Student 438,600340,POSB 340 JURONG EAST 340 JURONG EAST AVENUE 1,1.349963,103.730982,home
439,Student 439,600347,POSB 347 JURONG EAST 347 JURONG EAST,1.345236,103.731466,home
440,Student 440,90036,POSB 36 TELOK BLANGAH RISE 36 TELOK BLANGAH RISE,1.272617,103.821985,home
441,Student 441,370037,POSB 37 CIRCUIT ROAD 37 CIRCUIT ROAD,1.328302,103.887176,home
442,Student 442,120379,POSB 379 CLEMENTI AVENUE 5 379 CLEMENTI AVENUE 5,1.317928,103.767909,home
443,Student 443,530401,POSB 401 HOUGANG 401 HOUGANG AVENUE 10,23.21447,108.757575,home
444,Student 444,520406,POSB 406 TAMPINES STREET 41 406 TAMPINES STREET 41,1.35786,103.945655,home
445,Student 445,600412,POSB 412 PANDAN GARDENS 412 PANDAN GARDENS,1.319743,103.746637,home
446,Student 446,560453,POSB 453 ANG MO KIO 453 ANG MO KIO AVENUE 10,1.368595,103.855861,home
447,Student 447,640494,POSB 494 JURONG WEST 494 JURONG WEST STREET 41,1.349595,103.724924,home
448,Student 448,415920,POSB 5 STAR DORMITORY 39 KAKI BUKIT AVENUE 3,1.338125,103.909958,home
449,Student 449,560505,POSB 505 ANG MO KIO 505 ANG MO KIO AVENEUE 8,1.374855,103.849951,home
450,Student 450,460511,POSB 511 BEDOK NORTH 511 BEDOK NORTH STREET 3,1.333244,103.930561,home
451,Student 451,469029,POSB 514 CHAI CHEE LANE 514 CHAI CHEE LANE,1.330703,103.918215,home
452,Student 452,530521,POSB 521 HOUGANG 521 HOUGANG AVENUE 6,1.373446,103.890728,home
453,Student 453,440059,POSB 59 MARINE TERRACE 59 MARINE TERRACE,1.30588,103.914506,home
454,Student 454,731005,POSB 5A WOODLANDS CENTRE 5A WOODLANDS CENTRE ROAD,1.4398829,103.7698554,home
455,Student 455,610064,POSB 64 YUNG KUANG ROAD 64 YUNG KUANG ROAD,30.636062,104.090931,home
456,Student 456,260007,POSB 7 EMPRESS ROAD 7 EMPRESS ROAD,1.3164558,103.8057946,home
457,Student 457,520717,POSB 717 TAMPINES 717 TAMPINES STREET 72,1.358856,103.935075,home
458,Student 458,460072,POSB 72 BEDOK SOUTH 72 BEDOK SOUTH AVENUE 3,1.320391,103.943611,home
459,Student 459,640731,POSB 731 JURONG WEST  731 JURONG WEST STREET 71,1.345516,103.698697,home
460,Student 460,760744,POSB 744 YISHUN  744 YISHUN STREET 72,1.429206,103.833876,home
461,Student 461,150079,POSB 79 REDHILL LANE 79 REDHILL LANE,1.2878266,103.8181035,home
462,Student 462,730802,POSB 802 WOODLANDS 802 WOODLANDS STREET 81,1.440897,103.786115,home
463,Student 463,520811,POSB 811 TAMPINES 811 TAMPINES AVENUE 4 #01-831A,1.346566,103.937215,home
464,Student 464,573970,POSB 811 TAMPINES 811 TAMPINES AVENUE 4,1.358586,103.83358,home
465,Student 465,520844,POSB 844 TAMPINES  844 TAMPINES STREET 82,1.352108,103.936474,home
466,Student 466,400009,POSB 9 EUNOS 9 EUNOS CRESENT #01 -14A,48.784739,44.574725,home
467,Student 467,560505,POSB 9 EUNOS 9 EUNOS CRESENT,1.374855,103.849951,home
468,Student 468,640923,POSB 923 JURONG WEST 923 JURONG WEST,1.339593,103.68983,home
469,Student 469,310093,POSB 93 TOA PAYOH  93 LORONG 4 TOA PAYOH,1.338254,103.850025,home
470,Student 470,520938,POSB 938 TAMPINES 938 TAMPINES AVENUE 5,1.347958,103.941706,home
471,Student 471,759956,POSB ADMIRALTY ROAD WEST 60 ADMIRALTY ROAD WEST,1.459976,103.822717,home
472,Student 472,567720,POSB ANG MO KIO ITE COLLEGE CENTRAL 2 ANG MO KIO DRIVE,1.3777047,103.8554865,home
473,Student 473,540118,POSB AUTO LOBBY RIVERVALE PLAZA 118 RIVERVALE DRIVE #01-266,1.385427,103.901579,home
474,Student 474,179098,POSB AUTO LOBBY RIVERVALE PLAZA 118 RIVERVALE DRIVE,1.292307,103.850442,home
475,Student 475,310107,POSB AUTO LOBBY TOA PAYOH LORONG 1 107 TOA PAYOH LORONG 1,1.34131,103.847011,home
476,Student 476,760290,POSB AUTO LOBBY YISHUN STREET 22 290 YISHUN STREET 22,1.4361087,103.8361333,home
477,Student 477,50005,POSB BANDA 5 BANDA STREET,1.281201,103.843403,home
478,Student 478,588177,POSB BEAUTY WORLD CENTRE 144 UPPER BUKIT TIMAH ROAD,1.34234,103.776131,home
479,Student 479,460539,POSB BEDOK NORTH 539 BEDOK NORTH STREET 3 #01-01/02,1.331305,103.925109,home
480,Student 480,310203,POSB BEDOK NORTH 539 BEDOK NORTH STREET 3,1.342027,103.8490209,home
481,Student 481,470124,POSB BEDOK RESERVOIR 124 BEDOK RESERVOIR,24.228621,78.116531,home
482,Student 482,570514,POSB BISHAN BUS INTERCHANGE 514 BISHAN STREET 13,1.350139,103.849757,home
483,Student 483,730131,POSB BLK 131 MARSILING 131 MARSILING RISE,1.438494,103.778403,home
484,Student 484,430010,POSB BLOCK 10 HAIG RD 10 HAIG ROAD,1.314855,103.895652,home
485,Student 485,80108,POSB BLOCK 108 SPOTTISWOODE 108 SPOTTISWOODE PARK ROAD,1.273589,103.8357319,home
486,Student 486,650153,POSB BLOCK 153 BUKIT BATOK 153 BUKIT BATOK STREET 11,1.347569,103.744289,home
487,Student 487,560160,POSB BLOCK 160 ANG MO KIO 160 ANG MO KIO AVENUE 4 #A1-11,1.374481,103.839239,home
488,Student 488,160054,POSB BLOCK 160 ANG MO KIO 160 ANG MO KIO AVENUE 4,1.287159,103.841239,home
489,Student 489,380018,POSB BLOCK 18 UPPER BOON KENG  18 UPPER BOON KENG,1.3147419,103.8719523,home
490,Student 490,520211,POSB BLOCK 211 TAMPINES 211 TAMPINES AVENUE 2 #01-21A,1.354067,103.954792,home
491,Student 491,556679,POSB BLOCK 211 TAMPINES 211 TAMPINES AVENUE 2,1.3652169,103.865262,home
492,Student 492,550304,POSB BLOCK 304 SERANGOON AVENUE 2 304 SERANGOON AVENUE 2,1.353935,103.867628,home
493,Student 493,560341,POSB BLOCK 341 ANG MO KIO 341 ANG MO KIO AVENUE 1,1.364171,103.848065,home
494,Student 494,640502,POSB BLOCK 502 JURONG WEST 502 JURONG WEST AVENUE 1 #01-351A,1.350353,103.718008,home
495,Student 495,39594,POSB BLOCK 502 JURONG WEST 502 JURONG WEST AVENUE 1,1.290989,103.857422,home
496,Student 496,560528,POSB BLOCK 528 ANG MO KIO 528 ANG MO KIO AVENUE 10,1.372565,103.8549929,home
497,Student 497,560629,POSB BLOCK 629 ANG MO KIO  629 ANG MO KIO AVENUE 4,1.3801306,103.8398214,home
498,Student 498,470775,POSB BLOCK 775 BEDOK RESERVOIR VIEW 775 BEDOK RESERVOIR VIEW #02-33/34,1.33669,103.935776,home
499,Student 499,188504,POSB BLOCK 775 BEDOK RESERVOIR VIEW 775 BEDOK RESERVOIR VIEW,1.302731,103.853171,home
500,Student 500,520827,POSB BLOCK 827 TAMPINES  827 TAMPINES STREET 81,1.349652,103.933901,home
501,Student 501,180231,POSB BRAS BASAH 231 BAIN STREET,1.297105,103.853681,home
502,Student 502,650272,POSB BUKIT BATOK EAST 272 BUKIT BATOK EAST AVENUE 4 #02-37,1.348833,103.757788,home
503,Student 503,39594,POSB BUKIT BATOK EAST 272 BUKIT BATOK EAST AVENUE 4,1.290989,103.857422,home
504,Student 504,90112,POSB BUKIT PURMEI 112 BUKIT PURMEI,1.2993594,103.825954,home
505,Student 505,738099,POSB CAUSEWAY POINT 1 WOODLANDS SQUARE,1.4358403,103.7862541,home
506,Student 506,461025,POSB CHAI CHEE 25A CHAI CHEE ROAD,1.323408,103.924153,home
507,Student 507,500002,POSB CHANGI VILLAGE 2 CHANGI VILLAGE,17.360559,78.478036,home
508,Student 508,120325,POSB CLEMENTI AVENUE 5 325 CLEMENTI AVENUE 5,1.315245,103.766757,home
509,Student 509,239732,POSB COMCENTER CAF?_ 31 EXETER ROAD,1.2993594,103.8384858,home
510,Student 510,545078,POSB COMPASS POINT EBC 1 SENGKANG SQUARE #01-12,1.392272,103.894775,home
511,Student 511,239278,POSB COMPASS POINT EBC 1 SENGKANG SQUARE,1.3055779,103.830139,home
512,Student 512,80001,POSB EVERTON PARK 1 EVERTON PARK,1.277421,103.8400039,home
513,Student 513,530205,POSB HEARTLAND MALL 205 HOUGANG STREET 21,22.616532,108.630661,home
514,Student 514,486047,POSB ITE COLLEGE EAST 10 SIMEI AVENUE,1.333443,103.95533,home
515,Student 515,160111,POSB JALAN BUKIT MERAH 111 JALAN BUKIT MERAH,1.2803839,103.8263589,home
516,Student 516,638988,POSB JTC TUAS FOOD CENTRE 21 TUAS AVENUE 13,1.322286,103.640189,home
517,Student 517,677934,POSB JTC YEW TEE 359 WOODLANDS ROAD,1.3960177,103.7535719,home
518,Student 518,437844,POSB KATONG SHOPPING CENTER 865 MOUNBATTEN ROAD,1.303746,103.901182,home
519,Student 519,629351,POSB KEPPEL MARINE 50 GUL ROAD,1.292822,103.668578,home
520,Student 520,709154,POSB MURAI LODGE  1 MURAI FARMWAY,1.38382,103.695193,home
521,Student 521,238872,POSB NGEE ANN CITY 391 ORCHARD ROAD,1.302708,103.8353191,home
522,Student 522,350147,POSB POTONG PASIR 147 POTONG PASIR AVENUE 1 #01-01,1.33182,103.867954,home
523,Student 523,48423,POSB POTONG PASIR 147 POTONG PASIR AVENUE 1,1.2833526,103.84686,home
524,Student 524,90015,POSB RADIN MAS NPP 15 TELOK BLANGAH CRESCENT #01-250,1.277135,103.820582,home
525,Student 525,59413,POSB RADIN MAS NPP 15 TELOK BLANGAH CRESCENT,1.285362,103.845021,home
526,Student 526,499739,POSB SAFRA RESORT 10 CHANGI COAST WALK,1.317675,103.974319,home
527,Student 527,117684,POSB SCIENCE PARK II (THE ALPHA) 10 SCIENCE PARK ROAD #01-1139A,1.288119,103.779601,home
528,Student 528,48940,POSB SCIENCE PARK II (THE ALPHA) 10 SCIENCE PARK ROAD,1.284013,103.850272,home
529,Student 529,555877,POSB SERANGOON COMMUNITY CENTRE NO 10 SERANGOON NORTH AVENUE 2 #01-130A,1.369861,103.874489,home
530,Student 530,238826,POSB SERANGOON COMMUNITY CENTRE NO 10 SERANGOON NORTH AVENUE 2,1.298811,103.846127,home
531,Student 531,417943,POSB SHUN LI INDUSTRIAL PARK 61 KAKI BUKIT AVENUE 1,1.336685,103.910716,home
532,Student 532,628087,POSB SOON LEE LODGE 31 SOON LEE ROAD,1.330634,103.699844,home
533,Student 533,49317,POSB THE ARCADE 11 COLLYER QUAY #02-50,1.283529,103.852003,home
534,Student 534,18960,POSB THE ARCADE 11 COLLYER QUAY,1.2789419,103.8512186,home
535,Student 535,310480,POSB TOA PAYOH CENTRAL 480 TOA PAYOH LORONG 6 #01-164,1.332253,103.848538,home
536,Student 536,188021,POSB TOA PAYOH CENTRAL 480 TOA PAYOH LORONG 6,1.299369,103.854921,home
537,Student 537,637397,POSB TUAS LODGE 1 90 TUAS SOUTH AVENUE 9,31.496324,105.639237,home
538,Student 538,120726,POSB WEST COAST MARKET 726 CLEMENTI WEST STREET 2 #01-09,1.303831,103.764132,home
539,Student 539,69184,POSB WEST COAST MARKET 726 CLEMENTI WEST STREET 2,1.2800697,103.8449108,home
540,Student 540,760837,POSB YISHUN 837 YISHUN STREET 81,1.41606,103.833003,home
541,Student 541,677738,POSB ZHENG HUA COMMUNITY CLUB 1 SEGAR ROAD #01-2385A,1.386569,103.771802,home
542,Student 542,329802,POSB ZHENG HUA COMMUNITY CLUB 1 SEGAR ROAD,1.325601,103.850723,home
543,Student 543,821110,PUNGGOL FIELD NEIGHBOURHOOD CENTRE - STATION 1 110A PUNGGOL FIELD #01-K1,25.266167,83.656121,home
544,Student 544,59395,PUNGGOL FIELD NEIGHBOURHOOD CENTRE - STATION 1 110A PUNGGOL FIELD,1.288376,103.847177,home
545,Student 545,821110,PUNGGOL FIELD NEIGHBOURHOOD CENTRE - STATION 2 110 A PUNGGOL FIELD #01-K1,25.266167,83.656121,home
546,Student 546,228231,PUNGGOL FIELD NEIGHBOURHOOD CENTRE - STATION 2 110 A PUNGGOL FIELD,1.310572,103.836269,home
547,Student 547,820168,PUNGGOL PLAZA 168 PUNGGOL FIELD,1.394214,103.91291,home
548,Student 548,149729,QUEENSTOWN MRT STATION 301 COMMONWEALTH AVENUE,1.294195,103.806102,home
549,Student 549,149297,QUEENSTOWN PUBLIC LIBRARY 53 MARGARET DRIVE,1.2985325,103.8053743,home
550,Student 550,149053,QUEENSWAY SHOPPING CENTRE 1 QUEENSWAY,1.287777,103.803474,home
551,Student 551,88702,RAEBURN PARK 10 RAEBURN PARK,1.273548,103.833406,home
552,Student 552,179103,RAFFLES CITY SHOPPING CENTRE - STATION 1 252 NORTH BRIDGE ROAD #B1-00,1.2941178,103.8528128,home
553,Student 553,49481,RAFFLES CITY SHOPPING CENTRE - STATION 1 252 NORTH BRIDGE ROAD,1.2840123,103.8487542,home
554,Student 554,179103,RAFFLES CITY SHOPPING CENTRE - STATION 2 252 NORTH BRIDGE ROAD #B1-00,1.2941178,103.8528128,home
555,Student 555,39393,RAFFLES CITY SHOPPING CENTRE - STATION 2 252 NORTH BRIDGE ROAD,1.2920047,103.8558964,home
556,Student 556,574013,RAFFLES JUNIOR COLLEGE 10 BISHAN STREET 21,1.346326,103.842422,home
557,Student 557,48618,RAFFLES PLACE MRT STATION 5 RAFFLES PLACE,1.284496,103.851421,home
558,Student 558,158792,REDHILL MRT STATION 920 TIONG BAHRU ROAD,1.289719,103.816485,home
559,Student 559,258352,RELC 30 ORANGE GROVE ROAD,1.312934,103.826019,home
560,Student 560,48619,REPUBLIC PLAZA 9 RAFFLES PLACE,1.2832428,103.8508359,home
561,Student 561,738961,REPUBLIC POLYTECHNIC CENTRE 3 WOODLANDS AVENUE 9,1.442737,103.785453,home
562,Student 562,98138,RESORT WORLD SENTOSA BASEMENT 1 FORUM - STATION 1 26 SENTOSA GATEWAY,47.46,-122.25,home
563,Student 563,98138,RESORT WORLD SENTOSA BASEMENT 1 FORUM - STATION 2 26 SENTOSA GATEWAY,47.46,-122.25,home
564,Student 564,307987,REVENUE HOUSE 55 NEWTON ROAD,1.319536,103.842132,home
565,Student 565,69531,RHB BANK BUILDING 90 CECIL STREET,1.2814495,103.849177,home
566,Student 566,678064,"RHB BUKIT TIMAH 440/442 UPPER BUKIT TIMAH, THE RAIL MAIL",1.359483,103.767581,home
567,Student 567,389492,RHB GEYLANG ROAD 537 GEYLANG ROAD #B4-K3,1.313736,103.885155,home
568,Student 568,330024,RHB GEYLANG ROAD 537 GEYLANG ROAD,1.3186437,103.8623865,home
569,Student 569,208787,RHB JALAN BESAR 10 JALAN BESAR SIM LIM TOWER,1.304039,103.8546719,home
570,Student 570,428741,RHB KATONG 14-18 EAST COAST ROAD,1.304117,103.902379,home
571,Student 571,545082,RIVERVALE MALL - STATION 1 11 RIVERVALE CRESCENT,1.392002,103.904984,home
572,Student 572,545082,RIVERVALE MALL - STATION 2 11 RIVERVALE CRESCENT,1.392002,103.904984,home
573,Student 573,540118,RIVERVALE PLAZA 118 RIVERVALE DRIVE,1.385427,103.901579,home
574,Student 574,238855,ROBINSONS @ HEEREN 260 ORCHARD ROAD BASEMENT 1,1.3029619,103.8371889,home
575,Student 575,560450,S11 ANG MO KIO BLOCK 450 450 ANG MO KIO AVENUE 10,1.368487,103.855409,home
576,Student 576,560711,S11 ANG MO KIO BLOCK 711 711 ANG MO KIO AVENUE 8,1.371438,103.847915,home
577,Student 577,650640,S11 BUKIT BATOK CENTRAL BLOCK 640 640 BUKIT BATOK CENTRAL,1.349365,103.751484,home
578,Student 578,681787,S11 CHOA CHU KANG BLOCK 787B 787B CHOA CHU KANG DRIVE,1.395329,103.748004,home
579,Student 579,530107,S11 HOUGANG BLOCK 107 107 HOUGANG AVENUE 1,1.353425,103.890682,home
580,Student 580,618497,S11 TAMAN JURONG 101 YUNG SHENG ROAD,1.33413,103.721968,home
581,Student 581,520506,S11 TAMPINES BLOCK 506 506 TAMPINES CENTRAL 1,1.355917,103.945907,home
582,Student 582,730302,S11 WOODLANDS BLOCK 302 302 WOODLANDS STREET 31,1.431536,103.7746389,home
583,Student 583,730630,S11 WOODLANDS BLOCK 630A 630A WOODLANDS RING ROAD,1.43464,103.8014763,home
584,Student 584,760744,S11 YISHUN BLOCK 744 744 YISHUN STREET 72,1.429206,103.833876,home
585,Student 585,649808,SAFRA JURONG 333 BOON LAY WAY,1.345463,103.716757,home
586,Student 586,98803,SAFRA MOUNT FABER 2 TELOK BLANGAH WAY,-28.281671,-54.255217,home
587,Student 587,528882,SAFRA TAMPINES CLUB 1/A TAMPINES STREET 92,1.344724,103.941739,home
588,Student 588,319387,SAFRA TOA PAYOH 293 LORONG 6 TOA PAYOH,1.329911,103.854256,home
589,Student 589,769027,SAFRA YISHUN COUNTRY CLUB 60 YISHUN AVENUE 4,1.4237758,103.8407407,home
590,Student 590,638364,SAFTI MILITARY INSTITUTION 500 UPPER JURONG ROAD,1.332772,103.683902,home
591,Student 591,408827,SCDF HQ 91 UBI AVENUE 4 #01-11,1.334208,103.89376,home
592,Student 592,38981,SCDF HQ 91 UBI AVENUE 4,1.289857,103.8552799,home
593,Student 593,118260,SCIENCE HUB 87 SCIENCE PARK DRIVE SCIENCE PARK 2,1.287916,103.790416,home
594,Student 594,797794,SELETAR AIRPORT 556 WEST CAMP ROAD,1.418735,103.864268,home
595,Student 595,797770,SELETAR CAMP 246 PICCADILLY,1.409565,103.871118,home
596,Student 596,750511,SEMBAWANG MART - STATION 1 511 CANBERRA ROAD,1.4537399,103.8193777,home
597,Student 597,750511,SEMBAWANG MART - STATION 2 511 CANBERRA ROAD,1.4537399,103.8193777,home
598,Student 598,759775,SEMBAWANG MRT STATION 11 CANBERRA ROAD,1.449009,103.819791,home
599,Student 599,758527,SEMBAWANG PARK 1221 SEMBAWANG ROAD,1.4324869,103.8267363,home
600,Student 600,758460,SEMBAWANG SHOPPING CENTRE - STATION 1 604A SEMBAWANG ROAD BASEMENT 1,1.441872,103.824824,home
601,Student 601,758460,SEMBAWANG SHOPPING CENTRE - STATION 2 604A SEMBAWANG ROAD BASEMENT 1,1.441872,103.824824,home
602,Student 602,760102,SEMBAWANG TOWN COUNCIL 102 YISHUN AVENUE 5,1.430859,103.8288369,home
603,Student 603,730019,SEMBAWANG TOWN COUNCIL 19 MARSILING LANE,1.442977,103.777277,home
604,Student 604,760291,SEMBAWANG TOWN COUNCIL 291 YISHUN STREET 22,1.4360897,103.8361372,home
605,Student 605,730303,SEMBAWANG TOWN COUNCIL 306A WOODLANDS STREET 31,1.4297308,103.7753111,home
606,Student 606,750355,SEMBAWANG TOWN COUNCIL 355 SEMBAWANG WAY,1.449661,103.8186264,home
607,Student 607,760414,SEMBAWANG TOWN COUNCIL 414 YISHUN RING ROAD,1.424554,103.846593,home
608,Student 608,731005,SEMBAWANG TOWN COUNCIL 5A WOODLANDS CENTRE ROAD,1.4398829,103.7698554,home
609,Student 609,760934,SEMBAWANG TOWN COUNCIL 934 YISHUN CENTRAL,1.425757,103.836589,home
610,Student 610,540118,SENGKANG HDB BRANCH OFFICE 118 RIVERVALE DRIVE #02-01,1.385427,103.901579,home
611,Student 611,569927,SENGKANG HDB BRANCH OFFICE 118 RIVERVALE DRIVE,1.370763,103.864159,home
612,Student 612,98604,SENTOSA BEACH STATION 50 BEACH VIEW #L1-03,45.799973,-122.55106,home
613,Student 613,48581,SENTOSA BEACH STATION 50 BEACH VIEW,1.3007405,103.8396503,home
614,Student 614,555945,SERANGOON GARDEN MARKET 49A SERANGOON GARDEN WAY,1.363381,103.866835,home
615,Student 615,329783,SHAW PLAZA 360 BALESTIER ROAD,1.324989,103.85119,home
616,Student 616,189702,SHAW TOWER 100 BEACH ROAD,1.2964962,103.8565696,home
617,Student 617,649486,SHENG SIONG SUPERMARKET 7 JURONG WEST AVENUE 5,1.348808,103.703404,home
618,Student 618,486852,SIA TRAINING CENTRE 720 UPPER CHANGI ROAD EAST,1.345815,103.965869,home
619,Student 619,208787,SIM LIM TOWER 10 JALAN BESAR,1.304039,103.8546719,home
620,Student 620,529888,SIMEI MRT STATION 30 SIMEI STREET 3,1.342977,103.953583,home
621,Student 621,380061,SIMS DRIVE HDB BRANCH OFFICE - STATION 1 61 SIMS DRIVE,1.316634,103.878559,home
622,Student 622,380061,SIMS DRIVE HDB BRANCH OFFICE - STATION 2 61 SIMS DRIVE,1.316634,103.878559,home
623,Student 623,554915,SINGTEL ISRN BUILDING 1 SERANGOON NORTH AVENUE 5,1.372507,103.868183,home
624,Student 624,188065,SMU ADMINISTRATION BUILDING 81 VICTORIA STREET,1.2968599,103.852202,home
625,Student 625,178902,"SMU, SCHOOL OF INFO SYSTEM 80 STAMFORD ROAD",1.2967089,103.850094,home
626,Student 626,138628,SOLARIS BUILDING 1 FUSIONPOLIS WALK,1.298109,103.789927,home
627,Student 627,238162,SOMERSET MRT STATION 1 SOMERSET MRT STATION,1.300256,103.839051,home
628,Student 628,289896,SPC ADAM 31 ADAM ROAD,1.3281251,103.8136943,home
629,Student 629,569975,SPC ANG MO KIO 793 ANG MO KIO AVENUE 1,1.3652894,103.8396734,home
630,Student 630,569866,SPC ANG MO KIO AVENUE 5 2761 ANG MO KIO AVENUE 5,1.362065,103.854453,home
631,Student 631,329837,SPC BALESTIER 462 BALESTIER ROAD,1.326652,103.847936,home
632,Student 632,469678,SPC BEDOK 101 BEDOK NORTH ROAD,1.327927,103.939713,home
633,Student 633,579706,SPC BRADDELL 317 BRADDELL ROAD,1.343517,103.846259,home
634,Student 634,159464,SPC BUKIT MERAH 3800 JALAN BUKIT MERAH,1.284227,103.818404,home
635,Student 635,679945,SPC BUKIT PANJANG 41 BUKIT PANJANG RING ROAD,1.3782572,103.7724269,home
636,Student 636,269733,SPC BUKIT TIMAH 623A BUKIT TIMAH ROAD,1.3249552,103.8089412,home
637,Student 637,149736,SPC COMMONWEALTH 490 COMMONWEALTH AVENUE,1.305726,103.795075,home
638,Student 638,169630,SPC HAVELOCK 397 HAVELOCK ROAD,1.2898266,103.8267934,home
639,Student 639,538858,SPC HOUGANG 120 HOUGANG AVENUE 2,1.368567,103.884308,home
640,Student 640,619487,SPC JALAN BUROH 33 JALAN BUROH,1.314745,103.714772,home
641,Student 641,609786,SPC JURONG EAST 91 JURONG EAST AVENUE 1,1.342382,103.737369,home
642,Student 642,649519,SPC JURONG WEST 100 JURONG WEST AVENUE 1,1.349375,103.714722,home
643,Student 643,239562,SPC KILLINEY 132 KILLINEY ROAD,1.296849,103.837996,home
644,Student 644,368140,SPC MACPHERSON 429 MACPHERSON ROAD,1.331888,103.880302,home
645,Student 645,437734,SPC MOUNTBATTEN 710 MOUNTBATTEN ROAD,1.302035,103.884384,home
646,Student 646,118555,SPC PASIR PANJANG 158 PASIR PANJANG ROAD,1.277156,103.790603,home
647,Student 647,519456,SPC PASIR RIS 11 PASIR RIS DRIVE 4,1.370928,103.960372,home
648,Student 648,828839,SPC PUNGGOL  100 PUNGGOL CENTRAL,1.400532,103.909266,home
649,Student 649,149062,SPC QUEENSWAY 264 QUEENSWAY,1.288705,103.8036319,home
650,Student 650,248994,SPC RIVER VALLEY 2 JERVOIS ROAD,1.2932097,103.8248195,home
651,Student 651,758448,SPC SEMBAWANG 588 SEMBAWANG ROAD,1.4400047,103.8251921,home
652,Student 652,544885,SPC SENGKANG EAST  91 SENGKANG EAST WAY,1.388024,103.887406,home
653,Student 653,437168,SPC TANJONG KATONG 1 SWANAGE ROAD,1.308311,103.894684,home
654,Student 654,109027,SPC TELOK BLANGAH 616 TELOK BLANGAH,1.271809,103.807064,home
655,Student 655,307673,SPC THOMSON 327 THOMSON ROAD,1.324793,103.841602,home
656,Student 656,319381,SPC TOA PAYOH 180 TOA PAYOH LORONG 6,1.335755,103.8554939,home
657,Student 657,455253,SPC UPPER EAST COAST 157 UPPER EAST COAST ROAD,1.313866,103.930981,home
658,Student 658,534686,SPC UPPER SERANGOON 849 UPPER SERANGOON ROAD,1.358332,103.883008,home
659,Student 659,574330,SPC UPPER THOMSON 98 UPPER THOMSON ROAD,1.348829,103.837778,home
660,Student 660,739981,SPC WOODLANDS 250 ADMIRALTY ROAD,1.4425079,103.776276,home
661,Student 661,545570,SPC YIO CHU KANG 76 YIO CHU KANG ROAD,1.296849,103.837996,home
662,Student 662,768683,SPC YISHUN 599 YISHUN RING ROAD,1.417558,103.837789,home
663,Student 663,619523,ST KINETICS 249 JALAN BOON LAY,1.339471,103.712539,home
664,Student 664,49909,STANDARD CHARTERED BATTERY ROAD 6 BATTERY ROAD,1.285539,103.851667,home
665,Student 665,278986,STANDARD CHARTERED HOLLAND VILLAGE 261 HOLLAND AVENUE,1.311682,103.795351,home
666,Student 666,440087,STANDARD CHARTERED MARINE PARADE 87 MARINE PARADE CENTRAL #01-520,1.302638,103.905569,home
667,Student 667,560128,STANDARD CHARTERED MARINE PARADE 87 MARINE PARADE CENTRAL,1.3708109,103.8436139,home
668,Student 668,555963,STANDARD CHARTERED SERANGOON GARDEN 67 SERANGOON GARDEN WAY,1.363814,103.865464,home
669,Student 669,529540,STANDARD CHARTERED TAMPINES 3 TAMPINES CENTRAL 1 ABACUS PLAZA #01-01,1.352584,103.943035,home
670,Student 670,289630,STANDARD CHARTERED TAMPINES 3 TAMPINES CENTRAL 1 ABACUS PLAZA,1.330924,103.798641,home
671,Student 671,574370,STANDARD CHARTERED UPPER THOMSON 246R UPPER THOMSON ROAD,1.3539057,103.8341222,home
672,Student 672,730900,STANDARD CHARTERED WOODLANDS 900 SOUTH WOODLANDS DRIVE CIVIC CENTRE #02-07,1.435152,103.787195,home
673,Student 673,189720,STANDARD CHARTERED WOODLANDS 900 SOUTH WOODLANDS DRIVE CIVIC CENTRE,1.2987612,103.8587,home
674,Student 674,408942,STARHUB GREEN 67 UBI AVENUE 1,1.324713,103.892629,home
675,Student 675,238839,STARHUB SHOP PLAZA SINGAPURA 68 ORCHARD ROAD #B2-17,1.3006139,103.8451045,home
676,Student 676,237994,STARHUB SHOP PLAZA SINGAPURA 68 ORCHARD ROAD,1.2936891,103.8319512,home
677,Student 677,768442,STATS CHIPPAC 5 YISHUN STREET 23,1.439902,103.842371,home
678,Student 678,319255,SUBARU TOA PAYOH 19 LORONG 8 TOA PAYOH,1.339809,103.858861,home
679,Student 679,59763,SUBORDINATE COURT 2 HAVELOCK ROAD,1.281059,103.838668,home
680,Student 680,238993,SULTAN LINK 53 MOHAMED SULTAN ROAD,1.2916819,103.8400999,home
681,Student 681,199001,SULTAN PLAZA 100 JALAN SULTAN,1.302832,103.861969,home
682,Student 682,680475,SUNSHINE PLACE - STATION 1 475 CHOA CHU KANG AVENUE 3,1.377746,103.73862,home
683,Student 683,680475,SUNSHINE PLACE - STATION 2 475 CHOA CHU KANG AVENUE 3,1.377746,103.73862,home
684,Student 684,38983,SUNTEC CITY MALL (MANHATTAN FISH MARKET) - STATION 1 3 TEMASEK BOULEVARD BASEMENT 1,1.295968,103.858967,home
685,Student 685,610399,TAMAN JURONG SHOPPING CENTRE - STATION 1 399 YUNG SHENG ROAD,1.334774,103.721053,home
686,Student 686,610399,TAMAN JURONG SHOPPING CENTRE - STATION 2 399 YUNG SHENG ROAD,1.3347739,103.721053,home
687,Student 687,529536,TAMPINES 1  10 TAMPINES CENTRAL 1,21.577407,111.835197,home
688,Student 688,521866,TAMPINES CENTRAL COMMUNITY COMPLEX 866A TAMPINES STREET 83,1.355507,103.934462,home
689,Student 689,529453,TAMPINES CHANGKAT COMMUNITY CLUB 13 TAMPINES STREET 11,1.345753,103.947446,home
690,Student 690,524785,TAMPINES MALL - STATION 1 4 TAMPINES CENTRAL,1.3526609,103.945245,home
691,Student 691,529510,TAMPINES MALL - STATION 2 4 TAMPINES CENTRAL 5 #02-00,1.352661,103.945245,home
692,Student 692,159458,TAMPINES MALL - STATION 2 4 TAMPINES CENTRAL 5,1.2827353,103.8214415,home
693,Student 693,529286,TAMPINES MART - STATION 1 7 TAMPINES STREET 32,1.353795,103.960579,home
694,Student 694,529286,TAMPINES MART - STATION 2 7 TAMPINES STREET 32,1.353795,103.960579,home
695,Student 695,529538,TAMPINES MRT STATION 20 TAMPINES CENTRAL,1.353448,103.945119,home
696,Student 696,520510,TAMPINES TOWN COUNCIL - TAMPINES HDB BRANCH OFFICE 510 TAMPINES CENTRAL,1.354627,103.944872,home
697,Student 697,521139,TAMPINES TOWN COUNCIL 139 TAMPINES STREET 11,1.346653,103.944868,home
698,Student 698,523201,TAMPINES TOWN COUNCIL 201D TAMPINES STREET 21,15.85279,79.941655,home
699,Student 699,520475,TAMPINES TOWN COUNCIL 475 TAMPINES STREET 44,1.360322,103.953147,home
700,Student 700,521823,TAMPINES TOWN COUNCIL 823A TAMPINES STREET 81,1.348861,103.933336,home
701,Student 701,308433,TAN TOCK SENG HOSPITAL (EMERGENCY DEPARTMENT BASEMENT 1) - STATION 3 11 JALAN TAN TOCK SENG BASEMENT 1,1.3216968,103.8459706,home
702,Student 702,308433,TAN TOCK SENG HOSPITAL (MAIN LOBBY) - STATION 2 11 JALAN TAN TOCK SENG LEVEL 1,1.3216968,103.8459706,home
703,Student 703,308433,TAN TOCK SENG HOSPITAL - STATION 1 11 JALAN TAN TOCK SENG,1.3216968,103.8459706,home
704,Student 704,467356,TANAH MERAH MRT STATION 920 NEW UPPER CHANGI ROAD,1.327337,103.946551,home
705,Student 705,139299,TANGLIN TRUST SCHOOL 95 PORTSDOWN ROAD,1.296902,103.7921,home
706,Student 706,143046,TANJONG PAGAR - QUEENSWAY HDB BRANCH OFFICE 46 COMMONWEALTH DRIVE,1.298419,103.797588,home
707,Student 707,89774,TANJONG PAGAR COMMUNITY CLUB 101 CANTONMENT ROAD,1.276079,103.8416,home
708,Student 708,89055,TANJONG PAGAR COMPLEX 7B KEPPEL ROAD,47.991832,3.617134,home
709,Student 709,69119,TANJONG PAGAR MRT STATION 120 MAXWELL ROAD,1.276691,103.845401,home
710,Student 710,150006,TANJONG PAGAR TOWN COUNCIL - ABC HAWKER CENTER 6 JALAN BUKIT MERAH,1.2870511,103.8079756,home
711,Student 711,82001,TANJONG PAGAR TOWN COUNCIL - STATION 1 1 TANJONG PAGAR ROAD,1.2757787,103.842842,home
712,Student 712,150166,TANJONG PAGAR TOWN COUNCIL - STATION 1 166 BUKIT MERAH CENTRAL,1.282838,103.817549,home
713,Student 713,82001,TANJONG PAGAR TOWN COUNCIL - STATION 2 1 TANJONG PAGAR ROAD,1.2757787,103.842842,home
714,Student 714,150166,TANJONG PAGAR TOWN COUNCIL - STATION 2 166 BUKIT MERAH CENTRAL,1.282838,103.817549,home
715,Student 715,210665,TANJONG PAGAR TOWN COUNCIL 665 BUFFALO ROAD,1.306197,103.850551,home
716,Student 716,417818,TECHLINK 31 KAKI BUKIT ROAD 3,1.335629,103.905346,home
717,Student 717,569734,TECK GHEE COMMUNITY CLUB 861 ANG MO KIO AVENUE 10,1.363096,103.853577,home
718,Student 718,529757,TEMASEK POLYTECHNIC 21 TAMPINES AVENUE 1,1.345555,103.932462,home
719,Student 719,752468,TEO CHUAN KEE MINIMART 468B ADMIRALTY DRIVE #01-29,1.450182,103.81415,home
720,Student 720,560181,TEO CHUAN KEE MINIMART 468B ADMIRALTY DRIVE,1.3768395,103.8371598,home
721,Student 721,59817,THE CENTRAL 6 EU TONG SEN STREET,1.2891465,103.8467157,home
722,Student 722,129588,THE CLEMENTI MALL 3155 COMMONWEALTH AVENUE WEST,1.314918,103.7643089,home
723,Student 723,199554,THE CONCOURSE 298 BEACH ROAD,1.301105,103.862582,home
724,Student 724,287994,THE GRANDSTAND 200 TURF CLUB ROAD,1.3391158,103.7927985,home
725,Student 725,59810,THE MAJESTIC 80 EU TONG SEN STREET,1.284591,103.843259,home
726,Student 726,199595,THE PLAZA 7500E BEACH ROAD,1.2998197,103.8597263,home
727,Student 727,138617,THE STAR VISTA - STATION 1 1 VISTA GREEN EXCHANGE BASEMENT 1,1.306842,103.78844,home
728,Student 728,138617,THE STAR VISTA - STATION 2 1 VISTA GREEN EXCHANGE BASEMENT 1,1.306842,103.78844,home
729,Student 729,609930,THE STRATEGY 2 INTERNATIONAL BUSINESS PARK,1.32954,103.747567,home
730,Student 730,218227,THE VERGE 2 SERANGOON ROAD #03-K3,1.3053347,103.851162,home
731,Student 731,310480,THE VERGE 2 SERANGOON ROAD,1.332253,103.848538,home
732,Student 732,739065,THE WOODGROVE 30 WOODLANDS AVENUE 1,1.428724,103.781141,home
733,Student 733,574408,THOMSON PLAZA - STATION 1 301 UPPER THOMSON ROAD,1.354637,103.830935,home
734,Student 734,574408,THOMSON PLAZA - STATION 2 301 UPPER THOMSON ROAD,1.354637,103.830935,home
735,Student 735,168897,TIONG BAHRU MARKET & FOOD CENTRE 30 SENG POH ROAD,1.2847359,103.8324103,home
736,Student 736,168731,TIONG BAHRU MRT STATION 300 TIONG BAHRU ROAD,1.285782,103.826998,home
737,Student 737,168732,TIONG BAHRU PLAZA 302 TIONG BAHRU ROAD,1.286145,103.827342,home
738,Student 738,319194,TOA PAYOH CENTRAL COMMUNITY CLUB 93 TOA PAYOH CENTRAL,1.334687,103.850407,home
739,Student 739,319398,TOA PAYOH MRT STATION 510 LORONG 6 TOA PAYOH,1.332592,103.847554,home
740,Student 740,449409,TOUCH CENTRE 3 MARINE PARADE CENTRAL,1.301923,103.907432,home
741,Student 741,408865,TRAFFIC POLICE HEADQUARTERS  10 UBI AVENUE 3,1.33035,103.891074,home
742,Student 742,409045,TRINITY CHRISTIAN CHURCH 247 PAYA LEBAR ROAD,1.331672,103.889121,home
743,Student 743,118221,TUV SUD PSB BUILDING 1 SCIENCE PARK DRIVE,1.291401,103.785218,home
744,Student 744,408830,UB ONE 81 UBI AVENUE 4,1.333546,103.891785,home
745,Student 745,408564,UBI TECH PARK 10 UBI CRESENT #02-731,1.326293,103.896145,home
746,Student 746,248992,UBI TECH PARK 10 UBI CRESENT,1.2928172,103.8256861,home
747,Student 747,307591,UNITED SQUARE SHOPPING MALL - STATION 1 101 THOMSON ROAD,1.3177246,103.8434866,home
748,Student 748,307591,UNITED SQUARE SHOPPING MALL - STATION 2 101 THOMSON ROAD,1.3177246,103.8434866,home
749,Student 749,69118,URA CENTRE - STATION 1 45 MAXWELL ROAD,1.292413,103.830988,home
750,Student 750,69118,URA CENTRE - STATION 2 45 MAXWELL ROAD,1.279866,103.845134,home
751,Student 751,208767,V-HOTEL @ LAVENDER 70 JELLICOE ROAD #01-K1,1.3076646,103.8619484,home
752,Student 752,238859,V-HOTEL @ LAVENDER 70 JELLICOE ROAD,1.30451,103.836184,home
753,Student 753,730548,VISTA POINT - STATION 1 548 WOODLANDS DRIVE 44,1.430554,103.79392,home
754,Student 754,730548,VISTA POINT - STATION 2 548 WOODLANDS DRIVE 44,1.430554,103.79392,home
755,Student 755,658064,WCEGA PLAZA 1 BUKIT BATOK CRESCENT LEVEL 1 (NEAR LIFT LOBBY),1.338942,103.758733,home
756,Student 756,658065,WCEGA TOWER 21 BUKIT BATOK CRESCENT LEVEL 1 (NEAR LIFT LOBBY),1.337164,103.759705,home
757,Student 757,520406,WELLMART BLK 406 TAMPINES 406 TAMPINES STREET 41,1.35786,103.945655,home
758,Student 758,127371,WEST COAST PLAZA - STATION 1 154 WEST COAST ROAD,1.303843,103.766292,home
759,Student 759,127371,WEST COAST PLAZA - STATION 2 154 WEST COAST ROAD B2-K1,1.303843,103.766292,home
760,Student 760,640509,WEST COAST TOWN COUNCIL - JURONG WEST BRANCH - STATION 1 509 JURONG WEST STREET 51,1.348703,103.719325,home
761,Student 761,640509,WEST COAST TOWN COUNCIL - JURONG WEST BRANCH - STATION 2 509 JURONG WEST STREET 51,1.348703,103.719325,home
762,Student 762,130028,WEST COAST TOWN COUNCIL 28 DOVER CRESCENT,1.304381,103.781952,home
763,Student 763,120451,WEST COAST TOWN COUNCIL 451 CLEMENTI AVENUE 3,1.312638,103.765669,home
764,Student 764,120451,WEST COAST TOWN COUNCIL 451 CLEMENTI AVENUE 3,1.312638,103.765669,home
765,Student 765,120453,WEST COAST TOWN COUNCIL 453 CLEMENTI AVENUE 3,1.311906,103.76596,home
766,Student 766,120502,WEST COAST TOWN COUNCIL 502 WEST COAST ROAD,1.311718,103.759029,home
767,Student 767,658713,WEST MALL 1 BUKIT BATOK CENTRAL,1.349649,103.749107,home
768,Student 768,608532,WESTGATE - STATION 1 3 GATEWAY DRIVE BASEMENT 1,1.3346373,103.7426584,home
769,Student 769,608532,WESTGATE - STATION 2 3 GATEWAY DRIVE LEVEL 2,1.3346373,103.7426584,home
770,Student 770,729940,WESTLITE - MANDAI DORMITORY 34 MANDAI ESTATE,1.4390287,103.8026867,home
771,Student 771,608591,WESTLITE DORMITORY - BLK 14 18 TOH GUAN ROAD,1.335832,103.751472,home
772,Student 772,518457,WHITE SANDS - STATION 1 1 PASIR RIS CENTRAL STREET 3,1.372567,103.950162,home
773,Student 773,518457,WHITE SANDS - STATION 2 1 PASIR RIS CENTRAL STREET 3,1.372567,103.950162,home
774,Student 774,228095,WILKIE EDGE 8 WILKIE ROAD,1.302102,103.849615,home
775,Student 775,238877,WISMA ATRIA BASEMENT 1 - STATION 2  435 ORCHARD ROAD,1.3037028,103.8331287,home
776,Student 776,238877,WISMA ATRIA LEVEL 1 - STATION 1  435 ORCHARD ROAD,1.3037028,103.8331287,home
777,Student 777,730900,WOODLANDS CIVIC CENTRE  900 SOUTH WOODLANDS DRIVE #03-07,1.4348344,103.7867518,home
778,Student 778,161026,WOODLANDS CIVIC CENTRE  900 SOUTH WOODLANDS DRIVE,1.282517,103.825796,home
779,Student 779,738991,WOODLANDS GALAXY COMMUNITY CLUB 31 WOODLANDS AVENUE 6,1.4390287,103.8026867,home
780,Student 780,730900,"WOODLANDS HDB BRANCH OFFICE - STATION 1 900 SOUTH WOODLANDS DRIVE, CIVIC CENTRE #03-00",1.435152,103.787195,home
781,Student 781,258499,"WOODLANDS HDB BRANCH OFFICE - STATION 1 900 SOUTH WOODLANDS DRIVE, CIVIC CENTRE",1.301177,103.8388679,home
782,Student 782,730900,"WOODLANDS HDB BRANCH OFFICE - STATION 2 900 SOUTH WOODLANDS DRIVE, CIVIC CENTRE #03-01",1.435152,103.787195,home
783,Student 783,48940,"WOODLANDS HDB BRANCH OFFICE - STATION 2 900 SOUTH WOODLANDS DRIVE, CIVIC CENTRE",1.2839928,103.850257,home
784,Student 784,730768,WOODLANDS MART - STATION 1 768 WOODLANDS AVENUE 6,1.445962,103.798159,home
785,Student 785,730768,WOODLANDS MART - STATION 2 768 WOODLANDS AVENUE 6,1.445962,103.798159,home
786,Student 786,738343,WOODLANDS MRT STATION 30 WOODLANDS AVENUE 2,1.4372567,103.7871623,home
787,Student 787,730883,WOODLANDS NORTH PLAZA - STATION 1 883 WOODLANDS STREET 82,1.442844,103.790366,home
788,Student 788,730883,WOODLANDS NORTH PLAZA - STATION 2 883 WOODLANDS STREET 82,1.442844,103.790366,home
789,Student 789,738579,WOODLANDS POLYCLINICS 10 WOODLANDS STREET 31,1.430806,103.775072,home
790,Student 790,523496,XI QI SUPERMARKET 496G TAMPINES AVENUE 9 #01-500,1.36084,103.950535,home
791,Student 791,574416,XI QI SUPERMARKET 496G TAMPINES AVENUE 9,1.3703594,103.8283798,home
792,Student 792,120105,"XIN DE AN MEDICAL & MINIMART  105 CLEMENTI STREET 12, SUNSET WAY #01-02",1.322642,103.770005,home
793,Student 793,199018,"XIN DE AN MEDICAL & MINIMART  105 CLEMENTI STREET 12, SUNSET WAY",1.303499,103.861257,home
794,Student 794,689715,YEW TEE MRT STATION 61 CHOA CHU KANG DRIVE,1.397314,103.74739,home
795,Student 795,689578,YEW TEE POINT - STATION 1 21 CHOA CHU KANG NORTH 6,1.39729,103.746546,home
796,Student 796,689578,YEW TEE POINT - STATION 2 21 CHOA CHU KANG NORTH 6,1.39729,103.746546,home
797,Student 797,680622,YEW TEE SHOPPING CENTRE - STATION 1 622 CHOA CHU KANG STREET 62,1.398277,103.747186,home
798,Student 798,680622,YEW TEE SHOPPING CENTRE - STATION 2 622 CHOA CHU KANG STREET 62,1.398277,103.747186,home
799,Student 799,554913,YIO CHU KANG AMENITIES CENTRE 19 SERANGOON NORTH AVENUE 5,1.3753469,103.871996,home
800,Student 800,569813,YIO CHU KANG MRT STATION 3000 ANG MO KIO AVENUE 8,1.381747,103.844984,home
801,Student 801,769093,YISHUN MRT STATION 301 YISHUN AVENUE 2,1.429387,103.8350907,home
802,Student 802,768826,YISHUN POLYCLINICS 100 YISHUN CENTRAL,1.4234706,103.8371857,home
803,Student 803,768435,YISHUN SAPPHIRE CLUB HOUSE 44 CANBERRA DRIVE,1.4391732,103.8297943,home
804,Student 804,238824,YMCA BUILDING ONE ORCHARD ROAD,1.297649,103.848116,home
805,Student 805,329984,ZHONGSHAN MALL 20 AH HOOD ROAD,1.3280917,103.8475293,home
806,Student 806,247792,ZION RIVERSIDE FOOD CENTRE 70 ZION ROAD,1.292413,103.830988,home
807,Student 807,428802,112 KATONG 112 EAST COAST ROAD #01-1317,1.305511,103.904622,home
808,Student 808,189685,112 KATONG 112 EAST COAST ROAD,1.296389,103.856182,home
809,Student 809,139651,DBS,1.309126,103.78126,home
810,Student 810,38983,SUNTEC CITY MALL (GRANDMAS PROUDLY,1.295968,103.858967,home
